row,t0_s,frame,s_cm,s_norm,lat_cm,y_cm,speed_cm_s,vy_cm_s,total_cm
0,6.762,0,0.00,0.000000,0.00,0.00,,0.0,1785.15
1,6.762,1,41.28,0.023127,0.08,16.51,5085.7,2033.4,1785.15
2,6.762,2,82.50,0.046215,0.00,32.93,5194.6,2070.0,1785.15
3,6.762,3,123.69,0.069286,-0.08,49.27,4735.2,1878.9,1785.15
4,6.762,4,164.78,0.092307,-0.41,65.53,4792.5,1896.0,1785.15
5,6.762,5,205.84,0.115310,-0.74,81.71,5039.8,1985.3,1785.15
6,6.762,6,246.83,0.138269,-1.29,97.80,4831.5,1897.1,1785.15
7,6.762,7,287.78,0.161210,-1.84,113.82,5083.8,1987.4,1785.15
8,6.762,8,328.70,0.184132,-2.39,129.75,5003.9,1947.7,1785.15
9,6.762,9,369.59,0.207036,-2.93,145.59,4908.4,1902.1,1785.15
10,6.762,10,410.44,0.229921,-3.48,161.36,4977.5,1920.3,1785.15
11,6.762,11,451.26,0.252788,-4.03,177.04,4830.0,1855.1,1785.15
12,6.762,12,492.05,0.275637,-4.58,192.64,4879.1,1865.5,1785.15
13,6.762,13,532.81,0.298467,-5.13,208.15,4857.6,1848.9,1785.15
14,6.762,14,573.57,0.321304,-5.46,223.59,4949.0,1873.2,1785.15
15,6.762,15,614.31,0.344122,-5.79,238.94,4785.7,1803.0,1785.15
16,6.762,16,655.06,0.366953,-5.87,254.21,4893.7,1832.8,1785.15
17,6.762,17,695.79,0.389765,-5.95,269.40,4750.7,1771.0,1785.15
18,6.762,18,736.51,0.412578,-5.87,284.50,5115.3,1896.3,1785.15
19,6.762,19,777.20,0.435372,-5.79,299.52,4833.7,1783.5,1785.15
20,6.762,20,817.86,0.458148,-5.71,314.46,5088.2,1868.4,1785.15
21,6.762,21,858.49,0.480906,-5.63,329.32,4690.5,1714.2,1785.15
22,6.762,22,899.08,0.503645,-5.55,344.09,5100.1,1854.9,1785.15
23,6.762,23,939.64,0.526366,-5.47,358.79,4586.7,1660.1,1785.15
24,6.762,24,980.17,0.549068,-5.39,373.39,5015.7,1806.5,1785.15
25,6.762,25,1020.66,0.571752,-5.31,387.92,4709.9,1688.0,1785.15
26,6.762,26,1061.12,0.594417,-5.23,402.37,5164.3,1841.7,1785.15
27,6.762,27,1101.55,0.617064,-5.15,416.73,4822.8,1711.3,1785.15
28,6.762,28,1141.94,0.639692,-5.07,431.01,4784.5,1689.2,1785.15
29,6.762,29,1182.31,0.662302,-4.99,445.20,4798.4,1685.5,1785.15
30,6.762,30,1222.64,0.684894,-4.91,459.32,4865.5,1700.4,1785.15
31,6.762,31,1262.93,0.707467,-4.83,473.35,4880.0,1696.7,1785.15
32,6.762,32,1303.20,0.730022,-4.75,487.30,4840.8,1674.3,1785.15
33,6.762,33,1343.43,0.752558,-4.67,501.17,4873.1,1676.7,1785.15
34,6.762,34,1383.62,0.775076,-4.59,514.95,4851.7,1660.6,1785.15
35,6.762,35,1423.79,0.797575,-4.52,528.65,4693.1,1597.8,1785.15
36,6.762,36,1463.92,0.820056,-4.44,542.27,4899.0,1659.0,1785.15
37,6.762,37,1504.02,0.842518,-4.36,555.81,4737.1,1595.6,1785.15
38,6.762,38,1544.08,0.864962,-4.28,569.26,4856.1,1626.8,1785.15
39,6.762,39,1584.12,0.887388,-4.20,582.64,4747.7,1581.8,1785.15
40,6.762,40,1624.12,0.909795,-4.12,595.92,4959.3,1643.3,1785.15
41,6.762,41,1664.08,0.932184,-4.04,609.13,4758.4,1568.0,1785.15
42,6.762,42,1704.02,0.954554,-3.96,622.26,4897.1,1604.7,1785.15
43,6.762,43,1743.92,0.976906,-3.88,635.30,4684.1,1526.3,1785.15
44,6.762,44,1783.79,0.999239,-3.80,648.26,4983.5,1614.6,1785.15
45,15.222,0,0.00,0.000000,0.00,0.00,0.1,0.1,1735.96
46,15.222,1,40.74,0.023470,0.08,29.46,5340.3,3862.0,1735.96
47,15.222,2,81.40,0.046891,-0.01,58.85,4880.2,3526.7,1735.96
48,15.222,3,122.00,0.070278,-0.09,88.15,4927.2,3555.9,1735.96
49,15.222,4,162.50,0.093606,-0.43,117.36,4790.7,3456.3,1735.96
50,15.222,5,202.93,0.116900,-0.77,146.50,4801.2,3459.0,1735.96
51,15.222,6,243.37,0.140191,-1.32,175.62,4682.1,3371.4,1735.96
52,15.222,7,283.65,0.163396,-1.87,204.58,4907.5,3528.9,1735.96
53,15.222,8,323.87,0.186567,-2.42,233.47,4955.6,3558.5,1735.96
54,15.222,9,364.04,0.209703,-2.97,262.28,4786.4,3432.2,1735.96
55,15.222,10,404.14,0.232805,-3.52,291.00,4978.4,3565.0,1735.96
56,15.222,11,444.18,0.255872,-4.07,319.64,4653.8,3327.9,1735.96
57,15.222,12,484.17,0.278905,-4.62,348.19,4748.0,3390.4,1735.96
58,15.222,13,524.09,0.301904,-5.17,376.67,4882.5,3481.5,1735.96
59,15.222,14,563.99,0.324889,-5.51,405.06,4897.7,3484.5,1735.96
60,15.222,15,603.84,0.347839,-5.85,433.37,4731.1,3361.0,1735.96
61,15.222,16,643.66,0.370779,-5.93,461.60,4763.5,3375.7,1735.96
62,15.222,17,683.42,0.393685,-6.01,489.74,4572.9,3235.9,1735.96
63,15.222,18,723.15,0.416571,-5.94,517.80,4718.2,3331.7,1735.96
64,15.222,19,762.82,0.439423,-5.86,545.78,5059.6,3567.4,1735.96
65,15.222,20,802.43,0.462240,-5.79,573.68,4756.1,3348.5,1735.96
66,15.222,21,841.98,0.485023,-5.71,601.50,4613.9,3243.5,1735.96
67,15.222,22,881.47,0.507772,-5.64,629.23,4812.7,3378.1,1735.96
68,15.222,23,920.90,0.530486,-5.56,656.88,4567.9,3201.5,1735.96
69,15.222,24,960.27,0.553166,-5.49,684.44,4780.8,3345.6,1735.96
70,15.222,25,999.59,0.575811,-5.41,711.93,4863.9,3398.5,1735.96
71,15.222,26,1038.84,0.598422,-5.34,739.33,4680.2,3265.1,1735.96
72,15.222,27,1078.03,0.620999,-5.26,766.65,4690.4,3267.2,1735.96
73,15.222,28,1117.16,0.643542,-5.19,793.89,4770.6,3317.8,1735.96
74,15.222,29,1156.24,0.666050,-5.11,821.04,4642.8,3223.9,1735.96
75,15.222,30,1195.25,0.688523,-5.04,848.11,4704.1,3261.4,1735.96
76,15.222,31,1234.20,0.710963,-4.96,875.10,4663.0,3227.7,1735.96
77,15.222,32,1273.10,0.733368,-4.89,902.01,4622.4,3194.5,1735.96
78,15.222,33,1311.93,0.755738,-4.81,928.83,4825.4,3329.5,1735.96
79,15.222,34,1350.71,0.778075,-4.74,955.58,4625.6,3186.5,1735.96
80,15.222,35,1389.42,0.800377,-4.66,982.24,4602.1,3165.1,1735.96
81,15.222,36,1428.08,0.822644,-4.59,1008.81,4645.9,3190.0,1735.96
82,15.222,37,1466.68,0.844877,-4.51,1035.31,4572.1,3134.2,1735.96
83,15.222,38,1505.21,0.867076,-4.44,1061.72,4864.0,3328.7,1735.96
84,15.222,39,1543.69,0.889241,-4.36,1088.05,4354.4,2975.0,1735.96
85,15.222,40,1582.11,0.911371,-4.29,1114.30,4722.6,3221.2,1735.96
86,15.222,41,1620.46,0.933467,-4.21,1140.46,4612.0,3140.5,1735.96
87,15.222,42,1658.76,0.955528,-4.14,1166.54,4656.5,3165.4,1735.96
88,15.222,43,1697.00,0.977555,-4.06,1192.54,4483.6,3042.7,1735.96
89,15.222,44,1735.18,0.999548,-3.99,1218.46,4730.5,3204.7,1735.96
90,24.474,0,0.00,0.000000,0.00,0.00,0.0,0.0,1657.31
91,24.474,1,39.03,0.023552,0.08,29.87,4668.0,3572.4,1657.31
92,24.474,2,77.98,0.047052,0.00,59.66,4744.2,3628.8,1657.31
93,24.474,3,116.86,0.070513,-0.08,89.37,4826.2,3687.3,1657.31
94,24.474,4,155.64,0.093912,-0.41,118.99,4554.7,3479.3,1657.31
95,24.474,5,194.36,0.117273,-0.74,148.54,4580.2,3494.7,1657.31
96,24.474,6,232.98,0.140576,-1.29,177.99,4552.6,3472.4,1657.31
97,24.474,7,271.53,0.163840,-1.83,207.37,4697.3,3578.5,1657.31
98,24.474,8,310.03,0.187067,-2.38,236.67,4778.4,3636.1,1657.31
99,24.474,9,348.46,0.210255,-2.92,265.88,4466.1,3394.4,1657.31
100,24.474,10,386.82,0.233406,-3.47,295.01,4490.7,3409.0,1657.31
101,24.474,11,425.13,0.256518,-4.01,324.05,4773.2,3619.1,1657.31
102,24.474,12,463.37,0.279592,-4.56,353.02,4624.7,3502.2,1657.31
103,24.474,13,501.55,0.302628,-5.10,381.90,4517.1,3416.6,1657.31
104,24.474,14,539.70,0.325646,-5.44,410.70,4596.5,3469.5,1657.31
105,24.474,15,577.78,0.348626,-5.77,439.42,4692.5,3537.6,1657.31
106,24.474,16,615.84,0.371593,-5.85,468.05,4586.3,3449.6,1657.31
107,24.474,17,653.84,0.394521,-5.93,496.60,4480.0,3365.4,1657.31
108,24.474,18,691.80,0.417426,-5.85,525.07,4365.6,3273.3,1657.31
109,24.474,19,729.70,0.440292,-5.77,553.46,4777.6,3577.6,1657.31
110,24.474,20,767.53,0.463120,-5.69,581.77,4559.4,3409.9,1657.31
111,24.474,21,805.30,0.485910,-5.61,609.99,4568.8,3412.5,1657.31
112,24.474,22,843.01,0.508662,-5.53,638.13,4544.6,3390.0,1657.31
113,24.474,23,880.65,0.531376,-5.45,666.18,4570.8,3405.1,1657.31
114,24.474,24,918.23,0.554052,-5.37,694.16,4464.1,3321.3,1657.31
115,24.474,25,955.75,0.576690,-5.30,722.05,4473.0,3323.5,1657.31
116,24.474,26,993.21,0.599290,-5.22,749.86,4417.5,3277.9,1657.31
117,24.474,27,1030.60,0.621851,-5.14,777.59,4609.3,3415.6,1657.31
118,24.474,28,1067.93,0.644375,-5.06,805.23,4467.4,3306.0,1657.31
119,24.474,29,1105.19,0.666860,-4.98,832.79,4559.9,3370.0,1657.31
120,24.474,30,1142.39,0.689308,-4.90,860.27,4135.8,3052.4,1657.31
121,24.474,31,1179.53,0.711717,-4.82,887.67,4795.6,3534.4,1657.31
122,24.474,32,1216.61,0.734088,-4.74,914.98,4470.9,3290.6,1657.31
123,24.474,33,1253.62,0.756421,-4.66,942.22,4305.3,3164.3,1657.31
124,24.474,34,1290.57,0.778716,-4.59,969.37,4522.8,3319.5,1657.31
125,24.474,35,1327.46,0.800973,-4.51,996.43,4449.0,3260.8,1657.31
126,24.474,36,1364.28,0.823192,-4.43,1023.42,4377.4,3203.7,1657.31
127,24.474,37,1401.04,0.845373,-4.35,1050.32,4386.1,3205.5,1657.31
128,24.474,38,1437.74,0.867516,-4.27,1077.14,4460.0,3254.9,1657.31
129,24.474,39,1474.37,0.889620,-4.19,1103.88,4403.8,3209.2,1657.31
130,24.474,40,1510.94,0.911687,-4.11,1130.53,4364.6,3176.0,1657.31
131,24.474,41,1547.45,0.933715,-4.03,1157.10,4279.6,3109.7,1657.31
132,24.474,42,1583.90,0.955705,-3.95,1183.59,4531.5,3287.9,1657.31
133,24.474,43,1620.28,0.977658,-3.88,1210.00,4375.0,3169.6,1657.31
134,24.474,44,1656.60,0.999572,-3.80,1236.32,4400.0,3183.0,1657.31
135,42.572,0,0.00,0.000000,0.00,0.00,,0.0,1646.32
136,42.572,1,38.78,0.023556,0.08,29.65,4554.7,3482.3,1646.32
137,42.572,2,77.47,0.047059,0.00,59.22,4731.1,3615.1,1646.32
138,42.572,3,116.11,0.070524,-0.07,88.70,4553.5,3475.4,1646.32
139,42.572,4,154.64,0.093928,-0.41,118.10,4608.0,3516.2,1646.32
140,42.572,5,193.10,0.117293,-0.74,147.42,4600.5,3506.4,1646.32
141,42.572,6,231.48,0.140602,-1.28,176.66,4572.9,3483.8,1646.32
142,42.572,7,269.79,0.163872,-1.83,205.81,4565.4,3473.9,1646.32
143,42.572,8,308.03,0.187104,-2.38,234.89,4625.2,3515.2,1646.32
144,42.572,9,346.22,0.210297,-2.92,263.88,4567.1,3466.9,1646.32
145,42.572,10,384.34,0.233452,-3.47,292.78,4627.2,3508.2,1646.32
146,42.572,11,422.40,0.256569,-4.01,321.61,4470.5,3385.4,1646.32
147,42.572,12,460.39,0.279648,-4.56,350.35,4629.1,3501.2,1646.32
148,42.572,13,498.32,0.302688,-5.10,379.01,4471.9,3378.1,1646.32
149,42.572,14,536.22,0.325709,-5.44,407.59,4600.3,3468.2,1646.32
150,42.572,15,574.06,0.348691,-5.77,436.08,4609.9,3471.0,1646.32
151,42.572,16,611.87,0.371658,-5.85,464.49,4589.8,3448.2,1646.32
152,42.572,17,649.62,0.394587,-5.92,492.82,4532.0,3400.4,1646.32
153,42.572,18,687.33,0.417492,-5.84,521.07,4527.4,3390.5,1646.32
154,42.572,19,724.97,0.440358,-5.76,549.23,4454.7,3331.7,1646.32
155,42.572,20,762.55,0.463186,-5.68,577.31,4596.7,3433.5,1646.32
156,42.572,21,800.07,0.485975,-5.60,605.31,4488.7,3348.5,1646.32
157,42.572,22,837.53,0.508727,-5.52,633.23,4598.8,3426.2,1646.32
158,42.572,23,874.92,0.531440,-5.44,661.07,4362.6,3245.8,1646.32
159,42.572,24,912.25,0.554114,-5.36,688.82,4549.7,3380.6,1646.32
160,42.572,25,949.52,0.576751,-5.28,716.49,4379.4,3249.7,1646.32
161,42.572,26,986.72,0.599349,-5.20,744.07,4568.7,3385.7,1646.32
162,42.572,27,1023.86,0.621908,-5.12,771.58,4428.6,3277.3,1646.32
163,42.572,28,1060.94,0.644430,-5.03,799.00,4553.8,3365.4,1646.32
164,42.572,29,1097.95,0.666913,-4.95,826.34,4319.8,3188.1,1646.32
165,42.572,30,1134.90,0.689358,-4.87,853.60,4505.1,3320.3,1646.32
166,42.572,31,1171.79,0.711764,-4.79,880.77,4336.5,3191.6,1646.32
167,42.572,32,1208.62,0.734133,-4.71,907.86,4473.6,3288.0,1646.32
168,42.572,33,1245.38,0.756463,-4.63,934.87,4433.4,3253.8,1646.32
169,42.572,34,1282.08,0.778754,-4.55,961.80,4442.5,3255.9,1646.32
170,42.572,35,1318.72,0.801008,-4.47,988.64,4386.6,3210.4,1646.32
171,42.572,36,1355.29,0.823223,-4.39,1015.41,4363.5,3188.9,1646.32
172,42.572,37,1391.80,0.845399,-4.31,1042.08,4309.3,3144.7,1646.32
173,42.572,38,1428.25,0.867538,-4.23,1068.68,4462.7,3252.0,1646.32
174,42.572,39,1464.63,0.889638,-4.15,1095.20,4117.4,2995.9,1646.32
175,42.572,40,1500.95,0.911700,-4.07,1121.63,4711.8,3423.4,1646.32
176,42.572,41,1537.21,0.933723,-3.99,1147.98,4281.0,3105.8,1646.32
177,42.572,42,1573.40,0.955708,-3.90,1174.24,4384.3,3176.1,1646.32
178,42.572,43,1609.53,0.977655,-3.82,1200.43,4236.4,3064.3,1646.32
179,42.572,44,1645.60,0.999564,-3.74,1226.53,4402.4,3179.6,1646.32
180,64.078,0,0.00,0.000000,0.00,0.00,0.0,-0.0,1754.97
181,64.078,1,40.46,0.023057,0.08,13.17,4892.8,1592.1,1754.97
182,64.078,2,80.87,0.046080,-0.00,26.25,4849.6,1570.5,1754.97
183,64.078,3,121.24,0.069087,-0.08,39.25,4882.2,1572.1,1754.97
184,64.078,4,161.54,0.092046,-0.41,52.17,4872.3,1562.1,1754.97
185,64.078,5,201.81,0.114991,-0.75,65.01,4780.9,1524.0,1754.97
186,64.078,6,242.00,0.137893,-1.30,77.76,4772.3,1514.2,1754.97
187,64.078,7,282.16,0.160779,-1.85,90.43,4893.4,1543.6,1754.97
188,64.078,8,322.30,0.183650,-2.40,103.02,4731.9,1483.9,1754.97
189,64.078,9,362.41,0.206506,-2.94,115.53,4851.0,1512.2,1754.97
190,64.078,10,402.50,0.229347,-3.49,127.95,4812.4,1491.3,1754.97
191,64.078,11,442.55,0.252173,-4.04,140.30,4862.7,1497.8,1754.97
192,64.078,12,482.59,0.274983,-4.59,152.56,4771.3,1460.8,1754.97
193,64.078,13,522.59,0.297778,-5.14,164.73,4733.9,1440.5,1754.97
194,64.078,14,562.62,0.320585,-5.47,176.83,4805.8,1451.7,1754.97
195,64.078,15,602.61,0.343377,-5.81,188.84,4874.2,1463.2,1754.97
196,64.078,16,642.64,0.366185,-5.89,200.77,4789.0,1426.6,1754.97
197,64.078,17,682.64,0.388979,-5.97,212.61,4786.0,1416.8,1754.97
198,64.078,18,722.65,0.411777,-5.89,224.38,4787.3,1406.9,1754.97
199,64.078,19,762.64,0.434559,-5.81,236.06,4873.3,1423.0,1754.97
200,64.078,20,802.59,0.457326,-5.73,247.66,4764.1,1382.1,1754.97
201,64.078,21,842.52,0.480078,-5.65,259.18,4796.1,1382.3,1754.97
202,64.078,22,882.42,0.502815,-5.58,270.61,4793.3,1372.4,1754.97
203,64.078,23,922.30,0.525536,-5.50,281.96,4721.3,1342.9,1754.97
204,64.078,24,962.15,0.548242,-5.42,293.23,4507.0,1273.3,1754.97
205,64.078,25,1001.97,0.570933,-5.34,304.42,4784.9,1342.7,1754.97
206,64.078,26,1041.76,0.593609,-5.27,315.52,5079.8,1415.8,1754.97
207,64.078,27,1081.53,0.616269,-5.19,326.54,4868.5,1347.6,1754.97
208,64.078,28,1121.27,0.638914,-5.11,337.48,4794.2,1317.8,1754.97
209,64.078,29,1160.99,0.661544,-5.03,348.34,4388.1,1197.8,1754.97
210,64.078,30,1200.67,0.684159,-4.95,359.11,4771.2,1293.2,1754.97
211,64.078,31,1240.34,0.706758,-4.88,369.80,5085.2,1368.5,1754.97
212,64.078,32,1279.97,0.729342,-4.80,380.41,4783.4,1278.1,1754.97
213,64.078,33,1319.58,0.751911,-4.72,390.94,4763.3,1263.5,1754.97
214,64.078,34,1359.16,0.774464,-4.64,401.38,4778.1,1258.2,1754.97
215,64.078,35,1398.71,0.797002,-4.57,411.75,4639.1,1212.6,1754.97
216,64.078,36,1438.24,0.819525,-4.49,422.03,4772.9,1238.3,1754.97
217,64.078,37,1477.74,0.842033,-4.41,432.22,4788.0,1232.9,1754.97
218,64.078,38,1517.21,0.864526,-4.33,442.34,4785.4,1223.0,1754.97
219,64.078,39,1556.66,0.887003,-4.26,452.37,4765.3,1208.5,1754.97
220,64.078,40,1596.08,0.909465,-4.18,462.32,4762.8,1198.6,1754.97
221,64.078,41,1635.47,0.931911,-4.10,472.18,4725.5,1180.0,1754.97
222,64.078,42,1674.84,0.954343,-4.02,481.97,4705.9,1165.8,1754.97
223,64.078,43,1714.18,0.976759,-3.94,491.67,4790.6,1177.4,1754.97
224,64.078,44,1753.49,0.999160,-3.87,501.29,4701.1,1146.2,1754.97
225,70.124,0,0.00,0.000000,0.00,0.00,,0.0,1763.82
226,70.124,1,40.90,0.023186,0.08,18.53,4820.5,2184.0,1763.82
227,70.124,2,81.72,0.046333,0.00,36.98,4900.4,2214.1,1763.82
228,70.124,3,122.51,0.069459,-0.08,55.34,4878.1,2196.2,1763.82
229,70.124,4,163.21,0.092532,-0.41,73.62,4939.5,2218.7,1763.82
230,70.124,5,203.87,0.115585,-0.74,91.82,4845.2,2168.5,1763.82
231,70.124,6,244.45,0.138591,-1.29,109.94,4871.0,2174.5,1763.82
232,70.124,7,284.99,0.161574,-1.84,127.97,4796.1,2133.4,1763.82
233,70.124,8,325.49,0.184536,-2.39,145.92,4897.9,2170.6,1763.82
234,70.124,9,365.95,0.207476,-2.94,163.79,4875.5,2152.7,1763.82
235,70.124,10,406.38,0.230396,-3.50,181.58,4871.1,2142.8,1763.82
236,70.124,11,446.77,0.253295,-4.05,199.28,4848.9,2125.0,1763.82
237,70.124,12,487.12,0.276172,-4.60,216.90,4898.4,2138.6,1763.82
238,70.124,13,527.43,0.299028,-5.15,234.44,4770.3,2074.8,1763.82
239,70.124,14,567.75,0.321889,-5.48,251.90,4895.1,2118.6,1763.82
240,70.124,15,608.04,0.344729,-5.82,269.27,4854.8,2093.1,1763.82
241,70.124,16,648.34,0.367579,-5.90,286.57,4874.8,2090.8,1763.82
242,70.124,17,688.61,0.390407,-5.98,303.77,4782.3,2043.1,1763.82
243,70.124,18,728.87,0.413233,-5.90,320.90,4906.5,2086.3,1763.82
244,70.124,19,769.09,0.436037,-5.83,337.94,4692.9,1987.5,1763.82
245,70.124,20,809.27,0.458820,-5.75,354.91,4861.8,2050.9,1763.82
246,70.124,21,849.42,0.481582,-5.67,371.79,4822.0,2026.0,1763.82
247,70.124,22,889.53,0.504322,-5.60,388.58,4889.5,2046.1,1763.82
248,70.124,23,929.61,0.527042,-5.52,405.30,4761.4,1984.4,1763.82
249,70.124,24,969.64,0.549740,-5.44,421.93,4863.1,2018.5,1763.82
250,70.124,25,1009.64,0.572418,-5.37,438.48,4635.7,1916.2,1763.82
251,70.124,26,1049.60,0.595074,-5.29,454.94,4749.2,1955.0,1763.82
252,70.124,27,1089.52,0.617709,-5.22,471.33,4832.8,1981.1,1763.82
253,70.124,28,1129.41,0.640323,-5.14,487.63,4810.9,1963.9,1763.82
254,70.124,29,1169.26,0.662915,-5.06,503.85,4703.1,1911.7,1763.82
255,70.124,30,1209.07,0.685487,-4.99,519.98,4856.4,1965.7,1763.82
256,70.124,31,1248.85,0.708037,-4.91,536.04,4645.1,1872.1,1763.82
257,70.124,32,1288.58,0.730566,-4.83,552.01,4866.4,1952.8,1763.82
258,70.124,33,1328.28,0.753074,-4.76,567.90,4755.9,1900.2,1763.82
259,70.124,34,1367.95,0.775561,-4.68,583.71,4804.6,1911.2,1763.82
260,70.124,35,1407.57,0.798026,-4.61,599.43,4713.6,1866.8,1763.82
261,70.124,36,1447.16,0.820471,-4.53,615.07,4832.3,1905.4,1763.82
262,70.124,37,1486.71,0.842894,-4.45,630.63,4655.3,1827.4,1763.82
263,70.124,38,1526.22,0.865296,-4.38,646.11,4771.2,1864.5,1763.82
264,70.124,39,1565.70,0.887677,-4.30,661.50,4767.4,1854.5,1763.82
265,70.124,40,1605.14,0.910037,-4.22,676.81,4763.5,1844.6,1763.82
266,70.124,41,1644.54,0.932376,-4.15,692.04,4690.7,1808.1,1763.82
267,70.124,42,1683.90,0.954693,-4.07,707.19,4826.8,1851.9,1763.82
268,70.124,43,1723.23,0.976989,-4.00,722.25,4632.8,1769.2,1763.82
269,70.124,44,1762.52,0.999265,-3.92,737.23,4730.9,1798.2,1763.82
270,77.578,0,0.00,0.000000,0.00,0.00,0.0,0.0,1741.42
271,77.578,1,40.27,0.023127,0.08,16.23,4834.0,1947.5,1741.42
272,77.578,2,80.48,0.046214,0.00,32.37,4879.4,1959.2,1741.42
273,77.578,3,120.65,0.069283,-0.08,48.43,4752.2,1899.9,1741.42
274,77.578,4,160.73,0.092301,-0.41,64.41,4847.0,1932.0,1741.42
275,77.578,5,200.79,0.115300,-0.74,80.30,4721.1,1873.6,1741.42
276,77.578,6,240.76,0.138253,-1.29,96.12,4851.6,1919.1,1741.42
277,77.578,7,280.81,0.161253,-1.84,111.89,4843.7,1907.7,1741.42
278,77.578,8,320.71,0.184168,-2.39,127.54,4861.7,1906.1,1741.42
279,77.578,9,360.59,0.207064,-2.94,143.11,4717.5,1841.3,1741.42
280,77.578,10,400.42,0.229941,-3.48,158.59,4765.3,1851.6,1741.42
281,77.578,11,440.23,0.252799,-4.03,173.99,4659.4,1802.3,1741.42
282,77.578,12,480.11,0.275702,-4.58,189.35,4859.8,1871.3,1741.42
283,77.578,13,519.85,0.298520,-5.13,204.59,4806.3,1842.1,1741.42
284,77.578,14,559.60,0.321348,-5.46,219.74,4703.9,1792.5,1741.42
285,77.578,15,600.11,0.344607,-5.79,235.11,4917.3,1865.0,1741.42
286,77.578,16,639.85,0.367427,-5.87,250.09,4824.8,1818.7,1741.42
287,77.578,17,679.55,0.390229,-5.94,264.99,4648.9,1744.1,1741.42
288,77.578,18,719.26,0.413031,-5.87,279.82,4875.7,1818.9,1741.42
289,77.578,19,758.94,0.435814,-5.79,294.55,4662.4,1731.0,1741.42
290,77.578,20,798.58,0.458578,-5.71,309.21,4814.1,1778.7,1741.42
291,77.578,21,838.19,0.481323,-5.63,323.78,4810.4,1768.7,1741.42
292,77.578,22,877.76,0.504049,-5.55,338.27,4771.4,1745.7,1741.42
293,77.578,23,917.31,0.526756,-5.48,352.68,4631.6,1686.2,1741.42
294,77.578,24,956.82,0.549444,-5.40,367.01,4817.3,1745.1,1741.42
295,77.578,25,996.29,0.572113,-5.32,381.25,4708.6,1697.2,1741.42
296,77.578,26,1035.73,0.594763,-5.24,395.41,4810.1,1725.0,1741.42
297,77.578,27,1075.14,0.617393,-5.16,409.49,4684.6,1671.4,1741.42
298,77.578,28,1114.52,0.640005,-5.09,423.49,4802.9,1704.9,1741.42
299,77.578,29,1153.86,0.662598,-5.01,437.40,4578.1,1616.7,1741.42
300,77.578,30,1193.17,0.685171,-4.93,451.23,4795.8,1684.8,1741.42
301,77.578,31,1232.45,0.707726,-4.85,464.98,4739.4,1656.3,1741.42
302,77.578,32,1271.70,0.730261,-4.77,478.64,4806.6,1670.9,1741.42
303,77.578,33,1310.91,0.752778,-4.70,492.23,4663.9,1612.7,1741.42
304,77.578,34,1350.08,0.775275,-4.62,505.73,4729.1,1626.5,1741.42
305,77.578,35,1389.23,0.797753,-4.54,519.15,4623.7,1581.6,1741.42
306,77.578,36,1428.34,0.820213,-4.46,532.48,4757.2,1618.5,1741.42
307,77.578,37,1467.42,0.842653,-4.38,545.74,4718.9,1596.6,1741.42
308,77.578,38,1506.46,0.865074,-4.31,558.91,4768.1,1604.4,1741.42
309,77.578,39,1545.47,0.887476,-4.23,572.00,4627.2,1548.3,1741.42
310,77.578,40,1584.45,0.909859,-4.15,585.00,4726.3,1572.6,1741.42
311,77.578,41,1623.40,0.932223,-4.07,597.92,4604.0,1523.3,1741.42
312,77.578,42,1662.31,0.954568,-3.99,610.77,4584.3,1508.1,1741.42
313,77.578,43,1701.19,0.976894,-3.92,623.52,4664.8,1525.8,1741.42
314,77.578,44,1740.03,0.999201,-3.84,636.20,4695.8,1527.1,1741.42
315,83.315,0,0.00,0.000000,-0.00,0.00,,0.0,1744.60
316,83.315,1,40.12,0.022995,0.08,10.56,4850.8,1277.4,1744.60
317,83.315,2,80.18,0.045957,0.01,21.05,5209.1,1363.0,1744.60
318,83.315,3,120.22,0.068907,-0.07,31.45,4736.4,1230.2,1744.60
319,83.315,4,160.18,0.091812,-0.40,41.76,4814.2,1242.9,1744.60
320,83.315,5,200.11,0.114705,-0.73,52.00,4707.8,1206.3,1744.60
321,83.315,6,239.98,0.137557,-1.28,62.15,4733.9,1205.3,1744.60
322,83.315,7,279.83,0.160397,-1.82,72.22,4909.3,1240.4,1744.60
323,83.315,8,319.65,0.183224,-2.37,82.21,4816.2,1207.6,1744.60
324,83.315,9,359.46,0.206039,-2.91,92.11,4796.0,1193.2,1744.60
325,83.315,10,399.24,0.228841,-3.46,101.93,4776.0,1178.9,1744.60
326,83.315,11,439.03,0.251650,-4.00,111.68,4658.0,1140.8,1744.60
327,83.315,12,478.77,0.274428,-4.55,121.34,4771.1,1159.1,1744.60
328,83.315,13,518.48,0.297193,-5.09,130.91,4839.7,1166.3,1744.60
329,83.315,14,558.23,0.319974,-5.42,140.40,4825.0,1152.0,1744.60
330,83.315,15,597.95,0.342742,-5.75,149.81,4717.8,1117.1,1744.60
331,83.315,16,637.71,0.365531,-5.83,159.14,4688.1,1099.4,1744.60
332,83.315,17,677.44,0.388307,-5.90,168.38,4842.6,1126.1,1744.60
333,83.315,18,717.19,0.411091,-5.82,177.54,4605.0,1060.8,1744.60
334,83.315,19,756.92,0.433862,-5.74,186.62,4952.8,1131.2,1744.60
335,83.315,20,796.62,0.456621,-5.66,195.62,4822.1,1091.9,1744.60
336,83.315,21,836.31,0.479368,-5.58,204.54,4732.2,1062.2,1744.60
337,83.315,22,875.97,0.502102,-5.50,213.37,4679.0,1041.0,1744.60
338,83.315,23,915.61,0.524824,-5.42,222.12,4815.4,1061.8,1744.60
339,83.315,24,955.23,0.547534,-5.34,230.78,4512.4,986.1,1744.60
340,83.315,25,994.82,0.570231,-5.26,239.37,5074.1,1098.8,1744.60
341,83.315,26,1034.40,0.592915,-5.18,247.87,4738.7,1016.7,1744.60
342,83.315,27,1073.95,0.615587,-5.10,256.29,4771.4,1014.3,1744.60
343,83.315,28,1113.49,0.638247,-5.02,264.63,4769.3,1004.3,1744.60
344,83.315,29,1153.00,0.660894,-4.93,272.88,4486.8,935.9,1744.60
345,83.315,30,1192.49,0.683529,-4.85,281.05,4854.4,1002.9,1744.60
346,83.315,31,1231.95,0.706152,-4.77,289.14,4728.3,967.4,1744.60
347,83.315,32,1271.40,0.728762,-4.69,297.15,4905.3,993.8,1744.60
348,83.315,33,1310.82,0.751360,-4.61,305.07,4558.0,914.3,1744.60
349,83.315,34,1350.23,0.773945,-4.53,312.91,4864.4,966.0,1744.60
350,83.315,35,1389.61,0.796518,-4.45,320.67,4297.0,844.7,1744.60
351,83.315,36,1428.96,0.819078,-4.37,328.35,4934.6,960.1,1744.60
352,83.315,37,1468.30,0.841626,-4.29,335.94,5108.1,983.6,1744.60
353,83.315,38,1507.62,0.864162,-4.21,343.46,4516.9,860.7,1744.60
354,83.315,39,1546.91,0.886685,-4.13,350.89,4872.9,918.7,1744.60
355,83.315,40,1586.18,0.909196,-4.05,358.23,4577.3,853.7,1744.60
356,83.315,41,1625.44,0.931695,-3.97,365.50,4641.4,856.2,1744.60
357,83.315,42,1664.66,0.954181,-3.89,372.68,4960.8,905.1,1744.60
358,83.315,43,1703.87,0.976654,-3.81,379.78,4810.9,868.0,1744.60
359,83.315,44,1743.06,0.999115,-3.73,386.79,4652.8,830.1,1744.60
360,88.344,0,0.00,0.000000,0.00,0.00,0.0,0.0,1733.92
361,88.344,1,39.76,0.022928,0.08,7.81,4953.3,973.4,1733.92
362,88.344,2,79.46,0.045826,-0.00,15.54,4928.1,959.4,1733.92
363,88.344,3,119.15,0.068715,-0.08,23.19,4644.6,895.0,1733.92
364,88.344,4,158.76,0.091562,-0.41,30.75,4825.7,921.5,1733.92
365,88.344,5,198.36,0.114399,-0.75,38.24,4701.5,888.3,1733.92
366,88.344,6,237.89,0.137198,-1.29,45.64,4780.6,894.8,1733.92
367,88.344,7,277.41,0.159987,-1.84,52.95,4658.5,862.5,1733.92
368,88.344,8,316.91,0.182768,-2.39,60.19,4724.7,865.2,1733.92
369,88.344,9,356.39,0.205539,-2.93,67.34,4722.9,855.4,1733.92
370,88.344,10,395.86,0.228301,-3.48,74.41,4844.8,867.7,1733.92
371,88.344,11,435.31,0.251054,-4.02,81.40,4685.1,829.6,1733.92
372,88.344,12,474.74,0.273797,-4.57,88.30,4683.4,819.8,1733.92
373,88.344,13,514.16,0.296531,-5.11,95.13,4839.5,837.3,1733.92
374,88.344,14,553.61,0.319284,-5.45,101.87,4737.1,809.0,1733.92
375,88.344,15,593.05,0.342028,-5.78,108.52,4504.4,760.1,1733.92
376,88.344,16,632.53,0.364796,-5.86,115.10,4939.6,822.3,1733.92
377,88.344,17,671.99,0.387554,-5.93,121.59,4773.9,785.0,1733.92
378,88.344,18,711.47,0.410324,-5.85,128.00,4741.6,769.4,1733.92
379,88.344,19,750.94,0.433084,-5.77,134.33,4740.0,759.5,1733.92
380,88.344,20,790.38,0.455836,-5.69,140.57,4636.5,733.4,1733.92
381,88.344,21,829.82,0.478577,-5.61,146.73,4602.0,718.6,1733.92
382,88.344,22,869.23,0.501310,-5.53,152.81,4805.8,740.6,1733.92
383,88.344,23,908.63,0.524033,-5.46,158.81,4951.5,753.0,1733.92
384,88.344,24,948.02,0.546747,-5.38,164.73,4664.0,699.7,1733.92
385,88.344,25,987.39,0.569452,-5.30,170.56,4679.4,692.4,1733.92
386,88.344,26,1026.74,0.592147,-5.22,176.31,4661.1,680.2,1733.92
387,88.344,27,1066.07,0.614833,-5.14,181.98,4659.7,670.4,1733.92
388,88.344,28,1105.39,0.637510,-5.06,187.56,4743.9,672.8,1733.92
389,88.344,29,1144.70,0.660177,-4.98,193.06,4849.5,677.8,1733.92
390,88.344,30,1183.99,0.682836,-4.90,198.48,4830.0,665.2,1733.92
391,88.344,31,1223.26,0.705484,-4.82,203.82,4637.5,629.1,1733.92
392,88.344,32,1262.51,0.728124,-4.74,209.08,4636.2,619.4,1733.92
393,88.344,33,1301.75,0.750754,-4.66,214.25,4685.5,616.3,1733.92
394,88.344,34,1340.97,0.773375,-4.58,219.34,4753.3,615.4,1733.92
395,88.344,35,1380.18,0.795987,-4.50,224.35,4700.0,598.8,1733.92
396,88.344,36,1419.37,0.818589,-4.42,229.27,4858.4,609.0,1733.92
397,88.344,37,1458.55,0.841182,-4.34,234.11,4663.5,574.9,1733.92
398,88.344,38,1497.70,0.863765,-4.26,238.87,4765.9,577.7,1733.92
399,88.344,39,1536.85,0.886340,-4.18,243.55,4661.1,555.3,1733.92
400,88.344,40,1575.97,0.908905,-4.10,248.14,4853.4,568.2,1733.92
401,88.344,41,1615.08,0.931461,-4.03,252.66,4642.0,533.8,1733.92
402,88.344,42,1654.18,0.954007,-3.95,257.09,4726.2,533.7,1733.92
403,88.344,43,1693.25,0.976544,-3.87,261.43,4725.1,523.7,1733.92
404,88.344,44,1732.32,0.999072,-3.79,265.70,4638.7,504.5,1733.92
405,98.008,0,0.00,0.000000,0.00,0.00,,0.0,1725.97
406,98.008,1,39.44,0.022852,0.08,4.86,4858.8,599.1,1725.97
407,98.008,2,78.84,0.045677,0.00,9.64,5042.6,612.0,1725.97
408,98.008,3,118.22,0.068496,-0.07,14.34,4544.3,542.1,1725.97
409,98.008,4,157.54,0.091277,-0.41,18.96,4955.6,581.8,1725.97
410,98.008,5,196.85,0.114051,-0.74,23.49,4411.4,508.8,1725.97
411,98.008,6,236.10,0.136791,-1.29,27.94,4799.5,544.2,1725.97
412,98.008,7,275.34,0.159525,-1.83,32.31,4834.5,538.2,1725.97
413,98.008,8,314.56,0.182253,-2.38,36.60,4761.7,520.2,1725.97
414,98.008,9,353.78,0.204976,-2.93,40.80,4657.2,499.1,1725.97
415,98.008,10,392.99,0.227692,-3.47,44.92,4904.9,515.4,1725.97
416,98.008,11,432.19,0.250403,-4.02,48.96,4430.4,456.3,1725.97
417,98.008,12,471.38,0.273108,-4.57,52.92,4722.5,476.6,1725.97
418,98.008,13,510.56,0.295807,-5.11,56.79,4828.1,477.2,1725.97
419,98.008,14,549.77,0.318529,-5.45,60.58,4761.3,460.1,1725.97
420,98.008,15,588.98,0.341245,-5.78,64.29,4656.9,440.3,1725.97
421,98.008,16,628.23,0.363988,-5.86,67.92,4662.6,430.5,1725.97
422,98.008,17,667.48,0.386725,-5.93,71.46,4595.1,414.7,1725.97
423,98.008,18,706.75,0.409478,-5.85,74.92,4840.5,426.4,1725.97
424,98.008,19,746.01,0.432225,-5.77,78.30,4664.3,401.1,1725.97
425,98.008,20,785.26,0.454966,-5.69,81.60,4912.7,412.2,1725.97
426,98.008,21,824.50,0.477701,-5.61,84.81,4563.4,373.4,1725.97
427,98.008,22,863.73,0.500430,-5.54,87.94,4837.1,385.7,1725.97
428,98.008,23,902.95,0.523153,-5.46,90.99,4561.9,354.2,1725.97
429,98.008,24,942.16,0.545871,-5.38,93.96,4763.9,360.0,1725.97
430,98.008,25,981.36,0.568583,-5.30,96.84,4593.0,337.5,1725.97
431,98.008,26,1020.55,0.591288,-5.22,99.64,4762.4,339.9,1725.97
432,98.008,27,1059.73,0.613988,-5.14,102.36,4692.2,325.1,1725.97
433,98.008,28,1098.90,0.636683,-5.06,105.00,4832.6,324.7,1725.97
434,98.008,29,1138.11,0.659404,-4.98,107.55,4500.6,293.0,1725.97
435,98.008,30,1177.26,0.682086,-4.90,110.02,4795.3,302.1,1725.97
436,98.008,31,1216.40,0.704763,-4.82,112.41,4867.3,296.5,1725.97
437,98.008,32,1255.53,0.727434,-4.74,114.72,4723.5,277.8,1725.97
438,98.008,33,1294.65,0.750099,-4.66,116.94,4399.5,249.5,1725.97
439,98.008,34,1333.76,0.772758,-4.58,119.08,4940.4,269.8,1725.97
440,98.008,35,1372.86,0.795411,-4.50,121.14,4459.5,234.2,1725.97
441,98.008,36,1411.95,0.818060,-4.42,123.12,5016.8,252.9,1725.97
442,98.008,37,1451.03,0.840703,-4.34,125.01,4619.3,223.2,1725.97
443,98.008,38,1490.10,0.863340,-4.27,126.82,4827.2,223.1,1725.97
444,98.008,39,1529.16,0.885971,-4.19,128.55,4651.8,205.2,1725.97
445,98.008,40,1568.21,0.908596,-4.11,130.20,4754.8,199.8,1725.97
446,98.008,41,1607.26,0.931216,-4.03,131.76,4426.5,176.7,1725.97
447,98.008,42,1646.29,0.953830,-3.95,133.24,4825.5,182.4,1725.97
448,98.008,43,1685.31,0.976438,-3.88,134.64,4789.1,171.0,1725.97
449,98.008,44,1724.32,0.999040,-3.80,135.95,4718.3,158.5,1725.97
450,109.194,0,0.00,0.000000,0.00,0.00,,0.0,1754.89
451,109.194,1,40.13,0.022868,0.08,6.14,4870.4,745.7,1754.89
452,109.194,2,80.21,0.045708,0.00,12.21,5012.9,758.2,1754.89
453,109.194,3,120.28,0.068540,-0.08,18.19,4559.0,680.4,1754.89
454,109.194,4,160.28,0.091331,-0.41,24.08,5371.5,792.0,1754.89
455,109.194,5,200.26,0.114115,-0.74,29.90,4613.5,670.9,1754.89
456,109.194,6,240.18,0.136863,-1.28,35.63,4955.5,711.5,1754.89
457,109.194,7,280.09,0.159604,-1.83,41.28,4246.3,601.1,1754.89
458,109.194,8,319.98,0.182337,-2.37,46.85,5230.0,729.7,1754.89
459,109.194,9,359.86,0.205063,-2.92,52.33,4805.6,660.7,1754.89
460,109.194,10,400.32,0.228118,-3.47,57.81,4769.9,646.1,1754.89
461,109.194,11,440.18,0.250830,-4.02,63.13,4802.9,640.7,1754.89
462,109.194,12,480.02,0.273534,-4.56,68.37,4801.6,630.8,1754.89
463,109.194,13,519.86,0.296233,-5.10,73.52,4836.1,625.4,1754.89
464,109.194,14,559.72,0.318952,-5.43,78.59,4569.6,581.0,1754.89
465,109.194,15,599.58,0.341664,-5.76,83.58,5064.2,633.6,1754.89
466,109.194,16,639.49,0.364404,-5.84,88.49,4639.0,570.1,1754.89
467,109.194,17,679.38,0.387136,-5.91,93.31,4880.1,589.8,1754.89
468,109.194,18,719.57,0.410037,-5.83,98.08,4705.9,558.6,1754.89
469,109.194,19,759.47,0.432777,-5.75,102.74,4994.0,582.6,1754.89
470,109.194,20,799.37,0.455509,-5.67,107.32,4573.9,524.2,1754.89
471,109.194,21,839.24,0.478233,-5.59,111.81,4843.8,545.3,1754.89
472,109.194,22,879.11,0.500951,-5.51,116.22,4878.8,539.2,1754.89
473,109.194,23,918.97,0.523662,-5.43,120.55,4736.3,513.8,1754.89
474,109.194,24,958.81,0.546365,-5.35,124.79,4840.5,515.2,1754.89
475,109.194,25,998.64,0.569061,-5.27,128.95,4700.2,490.7,1754.89
476,109.194,26,1038.45,0.591750,-5.19,133.03,4802.8,491.6,1754.89
477,109.194,27,1078.26,0.614432,-5.11,137.03,4873.5,488.8,1754.89
478,109.194,28,1118.05,0.637107,-5.03,140.95,4731.2,464.8,1754.89
479,109.194,29,1157.83,0.659774,-4.95,144.78,4871.5,468.6,1754.89
480,109.194,30,1197.60,0.682435,-4.87,148.53,4564.0,429.7,1754.89
481,109.194,31,1237.59,0.705226,-4.79,152.22,4899.3,451.2,1754.89
482,109.194,32,1277.33,0.727872,-4.71,155.81,4530.6,407.9,1754.89
483,109.194,33,1317.06,0.750511,-4.63,159.31,5136.1,451.8,1754.89
484,109.194,34,1356.78,0.773143,-4.55,162.73,4795.3,412.0,1754.89
485,109.194,35,1396.50,0.795778,-4.47,166.07,4593.9,385.2,1754.89
486,109.194,36,1436.19,0.818395,-4.39,169.32,4938.9,404.0,1754.89
487,109.194,37,1475.87,0.841005,-4.30,172.49,4622.9,368.6,1754.89
488,109.194,38,1515.53,0.863609,-4.22,175.58,4900.2,380.6,1754.89
489,109.194,39,1555.19,0.886205,-4.14,178.59,4791.3,362.3,1754.89
490,109.194,40,1594.83,0.908793,-4.06,181.52,4620.7,339.9,1754.89
491,109.194,41,1634.46,0.931375,-3.98,184.36,4935.0,352.8,1754.89
492,109.194,42,1674.07,0.953950,-3.90,187.12,4754.2,330.0,1754.89
493,109.194,43,1713.68,0.976517,-3.82,189.80,4586.1,308.9,1754.89
494,109.194,44,1753.27,0.999077,-3.74,192.39,4787.8,312.6,1754.89
495,116.487,0,0.00,0.000000,0.00,0.00,,0.0,1757.63
496,116.487,1,40.23,0.022887,0.08,6.35,4918.5,776.2,1757.63
497,116.487,2,80.40,0.045745,-0.00,12.61,4804.7,749.4,1757.63
498,116.487,3,120.56,0.068595,-0.08,18.80,4803.1,739.5,1757.63
499,116.487,4,160.66,0.091405,-0.42,24.90,4725.8,719.1,1757.63
500,116.487,5,200.73,0.114207,-0.75,30.92,4864.3,730.4,1757.63
501,116.487,6,240.75,0.136974,-1.30,36.85,4857.1,720.4,1757.63
502,116.487,7,280.75,0.159734,-1.85,42.71,4819.9,705.2,1757.63
503,116.487,8,320.74,0.182486,-2.40,48.48,4748.7,685.2,1757.63
504,116.487,9,360.72,0.205231,-2.94,54.17,4781.9,680.3,1757.63
505,116.487,10,400.69,0.227969,-3.49,59.77,4815.7,675.4,1757.63
506,116.487,11,440.64,0.250699,-4.04,65.30,4779.1,660.6,1757.63
507,116.487,12,480.58,0.273422,-4.59,70.74,4848.6,660.3,1757.63
508,116.487,13,520.50,0.296137,-5.14,76.10,4776.5,640.8,1757.63
509,116.487,14,560.46,0.318874,-5.47,81.37,4851.6,640.3,1757.63
510,116.487,15,600.41,0.341602,-5.81,86.56,4710.7,612.2,1757.63
511,116.487,16,640.41,0.364357,-5.89,91.68,4785.1,611.2,1757.63
512,116.487,17,680.39,0.387104,-5.97,96.70,4819.0,605.8,1757.63
513,116.487,18,720.39,0.409866,-5.89,101.65,4858.1,600.3,1757.63
514,116.487,19,760.39,0.432620,-5.81,106.51,4786.0,581.6,1757.63
515,116.487,20,800.37,0.455367,-5.73,111.29,4784.8,571.8,1757.63
516,116.487,21,840.34,0.478107,-5.66,115.99,4783.6,561.9,1757.63
517,116.487,22,880.29,0.500839,-5.58,120.61,4646.8,536.4,1757.63
518,116.487,23,920.23,0.523564,-5.50,125.14,4852.2,550.2,1757.63
519,116.487,24,960.16,0.546281,-5.42,129.59,4851.0,540.2,1757.63
520,116.487,25,1000.08,0.568991,-5.35,133.96,4814.3,526.3,1757.63
521,116.487,26,1039.98,0.591694,-5.27,138.25,4813.2,516.3,1757.63
522,116.487,27,1079.87,0.614389,-5.19,142.45,4742.4,499.1,1757.63
523,116.487,28,1119.75,0.637077,-5.12,146.57,4741.4,489.3,1757.63
524,116.487,29,1159.61,0.659758,-5.04,150.61,4810.1,486.5,1757.63
525,116.487,30,1199.46,0.682431,-4.96,154.57,4844.7,480.1,1757.63
526,116.487,31,1239.30,0.705097,-4.88,158.44,4843.7,470.1,1757.63
527,116.487,32,1279.13,0.727755,-4.81,162.23,4737.5,450.1,1757.63
528,116.487,33,1318.94,0.750406,-4.73,165.94,4771.1,443.5,1757.63
529,116.487,34,1358.74,0.773050,-4.65,169.57,4770.2,433.6,1757.63
530,116.487,35,1398.53,0.795686,-4.57,173.11,4769.3,423.8,1757.63
531,116.487,36,1438.30,0.818315,-4.50,176.57,4839.1,420.0,1757.63
532,116.487,37,1478.06,0.840937,-4.42,179.95,4802.7,407.0,1757.63
533,116.487,38,1517.81,0.863551,-4.34,183.24,4732.3,391.3,1757.63
534,116.487,39,1557.54,0.886158,-4.26,186.46,4836.6,390.0,1757.63
535,116.487,40,1597.26,0.908758,-4.19,189.59,4696.6,369.0,1757.63
536,116.487,41,1636.97,0.931350,-4.11,192.64,4799.5,367.2,1757.63
537,116.487,42,1676.67,0.953935,-4.03,195.60,4834.3,360.0,1757.63
538,116.487,43,1716.35,0.976513,-3.95,198.49,4798.0,347.4,1757.63
539,116.487,44,1756.02,0.999083,-3.88,201.29,4727.8,332.5,1757.63
540,122.648,0,0.00,0.000000,-0.00,0.00,0.0,-0.0,1759.79
541,122.648,1,40.23,0.022858,0.08,5.90,4881.9,715.8,1759.79
542,122.648,2,80.40,0.045688,-0.00,11.71,4769.9,690.4,1759.79
543,122.648,3,120.57,0.068512,-0.08,17.45,4874.5,695.7,1759.79
544,122.648,4,160.66,0.091296,-0.42,23.10,4726.2,666.0,1759.79
545,122.648,5,200.74,0.114073,-0.75,28.66,4864.9,675.7,1759.79
546,122.648,6,240.77,0.136816,-1.30,34.15,4787.0,656.0,1759.79
547,122.648,7,280.78,0.159552,-1.85,39.55,4892.8,660.6,1759.79
548,122.648,8,320.78,0.182281,-2.40,44.87,4749.7,631.6,1759.79
549,122.648,9,360.76,0.205003,-2.95,50.11,4818.2,631.0,1759.79
550,122.648,10,400.74,0.227719,-3.50,55.26,4712.9,607.6,1759.79
551,122.648,11,440.70,0.250428,-4.04,60.34,4780.5,606.6,1759.79
552,122.648,12,480.65,0.273129,-4.59,65.33,4850.1,605.6,1759.79
553,122.648,13,520.72,0.295897,-5.15,70.25,4828.6,593.1,1759.79
554,122.648,14,560.69,0.318613,-5.48,75.08,4747.7,572.8,1759.79
555,122.648,15,600.65,0.341321,-5.82,79.82,4852.0,575.6,1759.79
556,122.648,16,640.66,0.364056,-5.90,84.48,4650.9,541.5,1759.79
557,122.648,17,681.04,0.387000,-5.98,89.10,4939.4,565.0,1759.79
558,122.648,18,721.06,0.409742,-5.90,93.59,4824.1,541.4,1759.79
559,122.648,19,761.07,0.432478,-5.82,98.00,4787.8,527.6,1759.79
560,122.648,20,801.85,0.455649,-5.75,102.42,4880.1,527.7,1759.79
561,122.648,21,841.83,0.478371,-5.67,106.66,4856.6,515.2,1759.79
562,122.648,22,881.81,0.501085,-5.59,110.82,4682.1,487.1,1759.79
563,122.648,23,921.77,0.523793,-5.52,114.90,4818.8,491.5,1759.79
564,122.648,24,961.72,0.546494,-5.44,118.90,4853.5,485.1,1759.79
565,122.648,25,1001.65,0.569188,-5.36,122.82,4852.5,475.1,1759.79
566,122.648,26,1041.58,0.591875,-5.29,126.65,4780.7,458.3,1759.79
567,122.648,27,1081.49,0.614556,-5.21,130.40,4850.6,455.1,1759.79
568,122.648,28,1121.39,0.637230,-5.13,134.07,4676.4,429.2,1759.79
569,122.648,29,1161.28,0.659896,-5.05,137.65,4848.7,435.1,1759.79
570,122.648,30,1201.16,0.682556,-4.98,141.15,4847.8,425.1,1759.79
571,122.648,31,1241.02,0.705209,-4.90,144.57,4811.3,412.0,1759.79
572,122.648,32,1280.87,0.727856,-4.82,147.91,4775.4,399.1,1759.79
573,122.648,33,1320.72,0.750495,-4.75,151.17,4881.5,398.0,1759.79
574,122.648,34,1360.54,0.773128,-4.67,154.34,4705.1,373.9,1759.79
575,122.648,35,1400.36,0.795754,-4.59,157.43,4879.9,377.8,1759.79
576,122.648,36,1440.17,0.818373,-4.51,160.44,4772.2,359.7,1759.79
577,122.648,37,1479.96,0.840985,-4.44,163.36,4842.2,355.0,1759.79
578,122.648,38,1519.74,0.863590,-4.36,166.20,4736.2,337.5,1759.79
579,122.648,39,1559.51,0.886189,-4.28,168.96,4735.5,327.7,1759.79
580,122.648,40,1599.26,0.908780,-4.21,171.64,4769.4,320.2,1759.79
581,122.648,41,1639.01,0.931365,-4.13,174.24,4734.2,308.1,1759.79
582,122.648,42,1678.74,0.953943,-4.05,176.75,4768.2,300.5,1759.79
583,122.648,43,1718.46,0.976514,-3.97,179.18,4838.2,294.9,1759.79
584,122.648,44,1758.17,0.999079,-3.90,181.53,4566.9,269.0,1759.79
585,130.829,0,0.00,0.000000,0.00,0.00,0.0,0.0,1075.06
586,130.829,1,40.25,0.037441,0.08,14.57,4813.7,1742.9,1075.06
587,130.829,2,80.44,0.074823,0.00,29.06,4841.4,1745.7,1075.06
588,130.829,3,120.60,0.112177,-0.08,43.47,4837.9,1735.8,1075.06
589,130.829,4,160.67,0.149452,-0.41,57.80,4863.5,1738.6,1075.06
590,130.829,5,200.71,0.186698,-0.74,72.04,4653.1,1655.1,1075.06
591,130.829,6,240.68,0.223874,-1.29,86.20,4923.9,1744.5,1075.06
592,130.829,7,280.61,0.261022,-1.84,100.28,4776.7,1683.7,1075.06
593,130.829,8,320.52,0.298143,-2.38,114.28,4916.8,1724.1,1075.06
594,130.829,9,360.40,0.335235,-2.93,128.19,4667.6,1628.3,1075.06
595,130.829,10,400.24,0.372300,-3.48,142.02,4837.0,1678.6,1075.06
596,130.829,11,440.06,0.409337,-4.03,155.77,4694.4,1620.5,1075.06
597,130.829,12,479.85,0.446347,-4.57,169.44,4794.5,1646.3,1075.06
598,130.829,13,519.61,0.483329,-5.12,183.02,4756.1,1624.5,1075.06
599,130.829,14,559.38,0.520326,-5.45,196.52,4828.6,1638.5,1075.06
600,130.829,15,599.12,0.557295,-5.79,209.94,4754.8,1604.7,1075.06
601,130.829,16,638.89,0.594289,-5.86,223.28,4793.0,1606.6,1075.06
602,130.829,17,678.63,0.631255,-5.94,236.53,4789.7,1596.7,1075.06
603,130.829,18,718.38,0.668225,-5.86,249.70,4862.1,1610.4,1075.06
604,130.829,19,758.09,0.705167,-5.78,262.79,4617.5,1520.9,1075.06
605,130.829,20,797.78,0.742081,-5.71,275.79,4819.4,1578.4,1075.06
606,130.829,21,837.43,0.778968,-5.63,288.72,4780.8,1556.9,1075.06
607,130.829,22,877.06,0.815827,-5.55,301.56,4812.9,1558.4,1075.06
608,130.829,23,916.66,0.852659,-5.47,314.32,4572.6,1472.1,1075.06
609,130.829,24,956.22,0.889462,-5.39,326.99,4878.8,1561.5,1075.06
610,130.829,25,995.76,0.926238,-5.31,339.59,4733.2,1506.1,1075.06
611,130.829,26,1035.26,0.962986,-5.24,352.10,4764.8,1507.2,1075.06
612,130.829,27,1074.74,0.999707,-5.16,364.53,4726.9,1486.3,1075.06
613,139.184,0,0.00,0.000000,0.00,0.00,0.0,0.0,1683.72
614,139.184,1,40.23,0.023893,0.08,14.65,4776.1,1739.8,1683.72
615,139.184,2,80.39,0.047747,0.00,29.23,4803.2,1742.7,1683.72
616,139.184,3,120.53,0.071583,-0.08,43.72,4944.0,1784.9,1683.72
617,139.184,4,160.57,0.095368,-0.41,58.12,4754.8,1710.5,1683.72
618,139.184,5,200.59,0.119135,-0.75,72.45,4786.0,1713.1,1683.72
619,139.184,6,240.53,0.142857,-1.29,86.69,4920.7,1754.4,1683.72
620,139.184,7,280.44,0.166560,-1.84,100.85,4808.7,1705.8,1683.72
621,139.184,8,320.32,0.190246,-2.39,114.93,4701.4,1659.3,1683.72
622,139.184,9,360.17,0.213914,-2.93,128.92,4801.7,1685.9,1683.72
623,139.184,10,399.99,0.237564,-3.48,142.83,4728.6,1651.7,1683.72
624,139.184,11,439.78,0.261197,-4.02,156.66,4830.2,1678.4,1683.72
625,139.184,12,479.54,0.284811,-4.57,170.41,4826.8,1668.4,1683.72
626,139.184,13,519.27,0.308408,-5.12,184.07,4787.8,1646.2,1683.72
627,139.184,14,559.02,0.332015,-5.45,197.65,4720.4,1612.5,1683.72
628,139.184,15,598.74,0.355604,-5.79,211.15,4786.5,1626.3,1683.72
629,139.184,16,638.48,0.379208,-5.86,224.57,4652.9,1570.2,1683.72
630,139.184,17,678.19,0.402795,-5.94,237.90,4751.5,1594.7,1683.72
631,139.184,18,717.91,0.426385,-5.86,251.16,4718.0,1573.3,1683.72
632,139.184,19,757.60,0.449957,-5.78,264.33,4749.2,1574.9,1683.72
633,139.184,20,797.26,0.473511,-5.71,277.41,4816.2,1588.3,1683.72
634,139.184,21,836.89,0.497048,-5.63,290.42,4812.9,1578.3,1683.72
635,139.184,22,876.49,0.520566,-5.55,303.34,4671.2,1523.1,1683.72
636,139.184,23,916.05,0.544067,-5.47,316.18,4736.2,1535.5,1683.72
637,139.184,24,955.59,0.567550,-5.39,328.94,4839.0,1559.8,1683.72
638,139.184,25,995.10,0.591015,-5.31,341.61,4695.6,1504.8,1683.72
639,139.184,26,1034.58,0.614462,-5.23,354.20,4761.5,1517.0,1683.72
640,139.184,27,1074.03,0.637891,-5.15,366.71,4723.6,1496.0,1683.72
641,139.184,28,1113.45,0.661303,-5.08,379.14,4720.5,1486.1,1683.72
642,139.184,29,1152.84,0.684697,-5.00,391.48,4649.5,1455.0,1683.72
643,139.184,30,1192.19,0.708073,-4.92,403.74,4819.8,1499.2,1683.72
644,139.184,31,1231.52,0.731431,-4.84,415.92,4745.9,1467.3,1683.72
645,139.184,32,1270.82,0.754772,-4.76,428.02,4708.2,1446.7,1683.72
646,139.184,33,1297.99,0.770907,-17.19,440.03,3609.7,1447.4,1683.72
647,139.184,34,1323.58,0.786109,-36.45,451.97,3763.2,1396.4,1683.72
648,139.184,35,1355.25,0.804913,-53.46,463.82,4362.0,1438.1,1683.72
649,139.184,36,1392.18,0.826851,-63.72,475.58,4623.6,1417.6,1683.72
650,139.184,37,1429.96,0.849290,-69.84,487.27,4652.6,1418.0,1683.72
651,139.184,38,1467.84,0.871788,-75.27,498.87,4618.6,1397.7,1683.72
652,139.184,39,1505.81,0.894335,-80.10,510.39,4585.9,1377.6,1683.72
653,139.184,40,1544.38,0.917246,-83.78,521.83,4579.3,1348.1,1683.72
654,139.184,41,1583.41,0.940426,-83.70,533.18,4716.1,1367.9,1683.72
655,139.184,42,1622.41,0.963588,-83.62,544.45,4748.1,1368.0,1683.72
656,139.184,43,1653.81,0.982238,-87.73,555.64,3843.4,1358.0,1683.72
657,139.184,44,1680.29,0.997965,-96.36,566.75,3288.2,1309.2,1683.72
658,148.707,0,0.00,0.000000,0.00,0.00,0.0,0.0,1684.14
659,148.707,1,40.58,0.024094,0.08,13.76,5036.6,1708.5,1684.14
660,148.707,2,81.09,0.048151,0.00,27.45,5067.1,1711.2,1684.14
661,148.707,3,121.58,0.072191,-0.08,41.05,4841.9,1626.4,1684.14
662,148.707,4,161.98,0.096180,-0.41,54.56,4940.1,1652.7,1684.14
663,148.707,5,202.36,0.120154,-0.75,68.00,4531.0,1507.6,1684.14
664,148.707,6,242.65,0.144082,-1.29,81.35,5040.7,1669.9,1684.14
665,148.707,7,282.92,0.167994,-1.84,94.62,4713.5,1552.9,1684.14
666,148.707,8,323.17,0.191889,-2.39,107.81,4958.2,1624.5,1684.14
667,148.707,9,363.38,0.215768,-2.93,120.91,4810.3,1567.2,1684.14
668,148.707,10,403.57,0.239630,-3.48,133.93,4914.7,1592.2,1684.14
669,148.707,11,443.73,0.263476,-4.03,146.87,4667.6,1503.6,1684.14
670,148.707,12,483.86,0.287305,-4.57,159.73,4697.8,1504.7,1684.14
671,148.707,13,523.96,0.311118,-5.12,172.51,5055.9,1610.0,1684.14
672,148.707,14,564.31,0.335071,-5.46,185.27,4791.0,1515.1,1684.14
673,148.707,15,604.40,0.358880,-5.79,197.88,4941.1,1553.3,1684.14
674,148.707,16,644.53,0.382704,-5.86,210.40,4631.3,1445.3,1684.14
675,148.707,17,684.62,0.406513,-5.94,222.85,4941.7,1533.0,1684.14
676,148.707,18,724.73,0.430325,-5.86,235.21,4695.6,1446.7,1684.14
677,148.707,19,764.80,0.454120,-5.78,247.49,5015.0,1535.8,1684.14
678,148.707,20,804.85,0.477899,-5.70,259.69,4689.7,1427.4,1684.14
679,148.707,21,844.87,0.501661,-5.62,271.80,4896.6,1481.2,1684.14
680,148.707,22,884.86,0.525407,-5.55,283.83,4650.6,1398.1,1684.14
681,148.707,23,924.82,0.549136,-5.47,295.78,4748.8,1418.7,1684.14
682,148.707,24,964.76,0.572849,-5.39,307.65,4815.7,1429.6,1684.14
683,148.707,25,1004.66,0.596545,-5.31,319.43,4996.4,1473.8,1684.14
684,148.707,26,1044.54,0.620224,-5.23,331.13,4774.7,1399.4,1684.14
685,148.707,27,1084.39,0.643887,-5.15,342.75,4703.1,1369.6,1684.14
686,148.707,28,1124.22,0.667533,-5.07,354.29,4804.0,1389.8,1684.14
687,148.707,29,1164.01,0.691163,-4.99,365.74,4598.3,1321.6,1684.14
688,148.707,30,1203.78,0.714776,-4.92,377.12,4798.3,1370.0,1684.14
689,148.707,31,1243.52,0.738373,-4.84,388.40,4903.6,1390.7,1684.14
690,148.707,32,1283.23,0.761952,-4.76,399.61,4900.8,1380.5,1684.14
691,148.707,33,1322.92,0.785516,-4.68,410.74,4587.5,1283.5,1684.14
692,148.707,34,1362.57,0.809063,-4.60,421.78,4932.2,1370.5,1684.14
693,148.707,35,1402.20,0.832593,-4.52,432.74,4715.0,1301.1,1684.14
694,148.707,36,1438.65,0.854235,-6.99,443.61,4341.2,1291.3,1684.14
695,148.707,37,1477.24,0.877149,-9.08,454.41,4345.2,1211.3,1684.14
696,148.707,38,1516.69,0.900573,-9.04,465.12,5023.1,1360.5,1684.14
697,148.707,39,1550.87,0.920870,-11.19,475.75,4189.5,1299.6,1684.14
698,148.707,40,1581.40,0.939000,-14.56,486.30,3784.4,1299.2,1684.14
699,148.707,41,1609.33,0.955581,-18.82,496.76,3284.7,1215.9,1684.14
700,148.707,42,1635.36,0.971038,-23.88,507.14,3177.8,1241.6,1684.14
701,148.707,43,1660.03,0.985684,-29.83,517.44,3112.5,1259.3,1684.14
702,148.707,44,1683.18,0.999429,-35.22,527.66,2922.7,1249.2,1684.14
703,155.797,0,0.00,0.000000,0.00,0.00,0.0,0.0,1534.52
704,155.797,1,40.28,0.026247,0.08,10.53,4582.7,1198.6,1534.52
705,155.797,2,80.50,0.052457,0.01,20.99,5401.3,1403.6,1534.52
706,155.797,3,120.69,0.078653,-0.06,31.36,4772.5,1231.1,1534.52
707,155.797,4,160.81,0.104798,-0.39,41.64,4905.7,1257.7,1534.52
708,155.797,5,200.91,0.130929,-0.71,51.85,4692.9,1194.2,1534.52
709,155.797,6,240.94,0.157014,-1.26,61.97,4931.5,1246.9,1534.52
710,155.797,7,280.96,0.183092,-1.80,72.01,4683.8,1175.2,1534.52
711,155.797,8,320.94,0.209149,-2.34,81.97,4817.8,1199.5,1534.52
712,155.797,9,360.91,0.235191,-2.88,91.84,4851.0,1198.4,1534.52
713,155.797,10,400.85,0.261220,-3.43,101.63,4777.7,1171.0,1534.52
714,155.797,11,440.77,0.287235,-3.97,111.34,4810.4,1169.7,1534.52
715,155.797,12,480.67,0.313235,-4.51,120.97,4843.6,1168.3,1534.52
716,155.797,13,520.54,0.339222,-5.06,130.51,4635.2,1109.0,1534.52
717,155.797,14,560.45,0.365227,-5.38,139.97,4844.6,1148.3,1534.52
718,155.797,15,600.33,0.391218,-5.71,149.35,4915.1,1155.4,1534.52
719,155.797,16,640.25,0.417232,-5.78,158.65,4707.2,1095.8,1534.52
720,155.797,17,680.15,0.443231,-5.85,167.86,4739.0,1094.0,1534.52
721,155.797,18,720.06,0.469240,-5.77,177.00,4846.4,1108.3,1534.52
722,155.797,19,759.95,0.495236,-5.69,186.05,4638.0,1051.5,1534.52
723,155.797,20,799.82,0.521217,-5.60,195.01,4806.3,1080.2,1534.52
724,155.797,21,839.67,0.547184,-5.52,203.90,4734.4,1054.8,1534.52
725,155.797,22,879.49,0.573137,-5.43,212.70,4873.5,1076.2,1534.52
726,155.797,23,919.29,0.599076,-5.35,221.42,4596.9,1006.0,1534.52
727,155.797,24,959.08,0.625001,-5.27,230.05,4942.9,1072.0,1534.52
728,155.797,25,998.84,0.650912,-5.18,238.61,4760.4,1023.0,1534.52
729,155.797,26,1038.58,0.676809,-5.10,247.08,4976.2,1059.5,1534.52
730,155.797,27,1078.30,0.702692,-5.01,255.47,4756.2,1003.3,1534.52
731,155.797,28,1117.99,0.728561,-4.93,263.78,4824.5,1008.1,1534.52
732,155.797,29,1157.67,0.754416,-4.85,272.00,4584.7,948.9,1534.52
733,155.797,30,1197.32,0.780257,-4.76,280.14,4929.9,1010.6,1534.52
734,155.797,31,1236.95,0.806084,-4.68,288.20,4486.0,910.6,1534.52
735,155.797,32,1261.58,0.822132,-8.36,296.18,3144.6,1005.3,1534.52
736,155.797,33,1278.33,0.833050,-16.32,304.07,2228.6,930.5,1534.52
737,155.797,34,1296.31,0.844767,-27.50,311.88,2678.9,977.0,1534.52
738,155.797,35,1314.18,0.856408,-40.83,319.61,2544.0,873.3,1534.52
739,155.797,36,1332.24,0.868182,-56.12,327.26,2939.1,942.0,1534.52
740,155.797,37,1351.43,0.880685,-72.97,334.82,3004.5,885.2,1534.52
741,155.797,38,1372.40,0.894348,-90.80,342.31,3452.7,935.7,1534.52
742,155.797,39,1395.50,0.909402,-108.98,349.70,3545.5,891.4,1534.52
743,155.797,40,1420.78,0.925876,-126.99,357.02,3740.1,881.4,1534.52
744,155.797,41,1452.35,0.946451,-143.58,364.26,4298.3,871.5,1534.52
745,155.797,42,1485.77,0.968231,-152.00,371.41,4067.1,843.0,1534.52
746,155.797,43,1507.80,0.982584,-158.83,378.48,2703.5,827.3,1534.52
747,155.797,44,1525.38,0.994041,-166.81,385.46,2362.5,847.9,1534.52
748,164.316,0,0.00,0.000000,0.00,0.00,0.0,0.0,1432.49
749,164.316,1,40.37,0.028179,0.08,9.22,5126.8,1171.4,1432.49
750,164.316,2,80.68,0.056319,-0.00,18.36,4892.3,1109.4,1432.49
751,164.316,3,120.97,0.084447,-0.08,27.42,4818.6,1083.3,1432.49
752,164.316,4,161.19,0.112521,-0.42,36.40,4774.8,1065.7,1432.49
753,164.316,5,201.38,0.140582,-0.76,45.29,4738.3,1048.3,1432.49
754,164.316,6,241.51,0.168596,-1.31,54.10,4871.0,1069.3,1432.49
755,164.316,7,281.62,0.196597,-1.86,62.83,4763.0,1036.3,1432.49
756,164.316,8,321.72,0.224586,-2.41,71.48,5015.2,1081.3,1432.49
757,164.316,9,361.79,0.252561,-2.96,80.04,4690.7,1002.2,1432.49
758,164.316,10,401.85,0.280523,-3.51,88.52,4898.6,1037.0,1432.49
759,164.316,11,441.88,0.308472,-4.06,96.92,4720.4,989.9,1432.49
760,164.316,12,481.90,0.336407,-4.61,105.24,4858.1,1009.2,1432.49
761,164.316,13,521.90,0.364330,-5.16,113.47,4820.4,991.9,1432.49
762,164.316,14,561.93,0.392273,-5.50,121.62,4788.6,974.8,1432.49
763,164.316,15,601.94,0.420203,-5.83,129.69,4857.5,979.2,1432.49
764,164.316,16,642.00,0.448171,-5.91,137.68,4828.7,962.5,1432.49
765,164.316,17,682.03,0.476115,-5.99,145.58,4556.6,899.2,1432.49
766,164.316,18,722.08,0.504071,-5.92,153.40,5011.4,978.1,1432.49
767,164.316,19,762.11,0.532014,-5.84,161.14,4790.0,925.4,1432.49
768,164.316,20,802.12,0.559944,-5.76,168.80,4685.5,896.0,1432.49
769,164.316,21,842.11,0.587861,-5.69,176.37,4930.2,932.9,1432.49
770,164.316,22,882.08,0.615765,-5.61,183.86,4749.7,889.4,1432.49
771,164.316,23,922.03,0.643655,-5.54,191.27,4853.4,899.1,1432.49
772,164.316,24,961.97,0.671533,-5.46,198.60,4780.7,876.1,1432.49
773,164.316,25,1001.88,0.699397,-5.38,205.84,4744.3,860.0,1432.49
774,164.316,26,1041.78,0.727248,-5.31,213.00,4812.3,862.7,1432.49
775,164.316,27,1081.66,0.755087,-5.23,220.08,4846.1,859.1,1432.49
776,164.316,28,1121.52,0.782912,-5.16,227.07,4705.0,824.6,1432.49
777,164.316,29,1161.36,0.810724,-5.08,233.99,4636.6,803.3,1432.49
778,164.316,30,1201.18,0.838522,-5.01,240.82,4770.2,816.9,1432.49
779,164.316,31,1240.98,0.866308,-4.93,247.57,4803.6,813.0,1432.49
780,164.316,32,1280.76,0.894081,-4.85,254.23,4947.5,827.4,1432.49
781,164.316,33,1320.53,0.921840,-4.78,260.82,4663.1,770.4,1432.49
782,164.316,34,1360.28,0.949587,-4.70,267.32,4906.9,800.8,1432.49
783,164.316,35,1400.00,0.977320,-4.63,273.73,4762.0,767.6,1432.49
784,164.316,36,1431.70,0.999443,-8.18,280.07,3681.0,731.0,1432.49
785,175.585,0,0.00,0.000000,0.00,0.00,0.0,0.0,1748.62
786,175.585,1,40.27,0.023030,0.08,11.98,4746.7,1412.0,1748.62
787,175.585,2,80.48,0.046025,0.01,23.88,5187.5,1534.8,1748.62
788,175.585,3,120.67,0.069007,-0.07,35.69,4636.8,1363.2,1748.62
789,175.585,4,160.77,0.091942,-0.40,47.42,4903.8,1434.5,1748.62
790,175.585,5,200.85,0.114863,-0.73,59.07,4864.5,1413.8,1748.62
791,175.585,6,240.86,0.137743,-1.27,70.64,4820.4,1393.5,1748.62
792,175.585,7,280.85,0.160609,-1.82,82.12,4889.5,1404.2,1748.62
793,175.585,8,320.80,0.183461,-2.36,93.53,4779.6,1363.6,1748.62
794,175.585,9,360.74,0.206299,-2.90,104.85,4776.8,1353.7,1748.62
795,175.585,10,400.65,0.229123,-3.45,116.08,4705.3,1324.5,1748.62
796,175.585,11,440.54,0.251933,-3.99,127.24,4771.2,1334.0,1748.62
797,175.585,12,480.40,0.274729,-4.53,138.31,4875.2,1353.8,1748.62
798,175.585,13,520.24,0.297511,-5.08,149.30,4800.8,1323.9,1748.62
799,175.585,14,560.10,0.320306,-5.41,160.21,4768.5,1304.4,1748.62
800,175.585,15,599.93,0.343087,-5.74,171.03,4765.8,1294.5,1748.62
801,175.585,16,639.80,0.365887,-5.81,181.77,4701.2,1266.2,1748.62
802,175.585,17,679.64,0.388673,-5.89,192.43,4873.9,1303.3,1748.62
803,175.585,18,719.50,0.411465,-5.81,203.01,4600.9,1220.4,1748.62
804,175.585,19,759.33,0.434243,-5.72,213.51,5022.8,1322.6,1748.62
805,175.585,20,799.13,0.457006,-5.64,223.92,4409.5,1152.6,1748.62
806,175.585,21,838.91,0.479756,-5.56,234.25,5056.3,1311.9,1748.62
807,175.585,22,878.67,0.502492,-5.48,244.49,4758.5,1225.5,1748.62
808,175.585,23,918.40,0.525214,-5.40,254.66,4755.9,1215.6,1748.62
809,175.585,24,958.11,0.547922,-5.32,264.74,4586.0,1163.3,1748.62
810,175.585,25,997.79,0.570615,-5.23,274.74,5006.7,1260.3,1748.62
811,175.585,26,1037.45,0.593295,-5.15,284.66,4748.5,1186.0,1748.62
812,175.585,27,1077.08,0.615961,-5.07,294.49,4925.8,1220.7,1748.62
813,175.585,28,1116.69,0.638613,-4.99,304.24,4609.0,1133.2,1748.62
814,175.585,29,1156.28,0.661251,-4.91,313.91,4847.3,1182.3,1748.62
815,175.585,30,1195.84,0.683875,-4.82,323.50,4670.6,1130.0,1748.62
816,175.585,31,1235.38,0.706484,-4.74,333.01,4771.2,1145.0,1748.62
817,175.585,32,1274.89,0.729080,-4.66,342.43,4665.9,1110.6,1748.62
818,175.585,33,1314.37,0.751662,-4.58,351.77,4766.5,1125.1,1748.62
819,175.585,34,1353.84,0.774230,-4.50,361.02,4799.4,1123.5,1748.62
820,175.585,35,1393.27,0.796784,-4.42,370.20,4497.3,1043.9,1748.62
821,175.585,36,1432.69,0.819324,-4.33,379.29,5017.8,1154.8,1748.62
822,175.585,37,1472.08,0.841850,-4.25,388.30,4864.5,1109.9,1748.62
823,175.585,38,1511.44,0.864361,-4.17,397.23,4652.4,1052.2,1748.62
824,175.585,39,1550.78,0.886859,-4.09,406.07,4823.7,1081.4,1748.62
825,175.585,40,1590.10,0.909343,-4.01,414.83,4785.7,1063.4,1748.62
826,175.585,41,1629.39,0.931813,-3.93,423.51,4679.5,1030.5,1748.62
827,175.585,42,1668.66,0.954269,-3.84,432.11,4513.8,985.0,1748.62
828,175.585,43,1707.90,0.976711,-3.76,440.63,4962.9,1073.1,1748.62
829,175.585,44,1747.12,0.999139,-3.68,449.06,4573.7,979.8,1748.62
830,184.404,0,0.00,0.000000,0.00,0.00,0.0,0.0,1050.20
831,184.404,1,40.73,0.038787,0.08,13.20,4980.6,1614.4,1050.20
832,184.404,2,81.41,0.077516,0.00,26.32,5165.8,1666.5,1050.20
833,184.404,3,122.05,0.116219,-0.07,39.36,4723.0,1515.1,1050.20
834,184.404,4,162.62,0.154841,-0.41,52.32,4851.0,1549.5,1050.20
835,184.404,5,203.15,0.193439,-0.74,65.19,5031.5,1597.9,1050.20
836,184.404,6,243.61,0.231965,-1.28,77.98,4636.3,1465.5,1050.20
837,184.404,7,284.05,0.270469,-1.83,90.69,4908.2,1542.4,1050.20
838,184.404,8,324.46,0.308947,-2.38,103.32,5016.5,1567.2,1050.20
839,184.404,9,364.84,0.347398,-2.92,115.86,4795.1,1489.2,1050.20
840,184.404,10,405.20,0.385825,-3.47,128.32,4862.8,1501.2,1050.20
841,184.404,11,445.52,0.424225,-4.01,140.70,4824.0,1480.4,1050.20
842,184.404,12,485.83,0.462601,-4.56,153.00,4786.3,1459.9,1050.20
843,184.404,13,526.10,0.500950,-5.10,165.21,5000.4,1516.0,1050.20
844,184.404,14,566.40,0.539319,-5.44,177.34,4432.2,1333.9,1050.20
845,184.404,15,606.66,0.577662,-5.77,189.39,5322.5,1592.0,1050.20
846,184.404,16,646.96,0.616035,-5.84,201.36,4821.3,1431.1,1050.20
847,184.404,17,687.24,0.654382,-5.92,213.24,4715.2,1390.7,1050.20
848,184.404,18,728.64,0.693804,-5.84,225.37,4745.9,1389.5,1050.20
849,184.404,19,768.89,0.732133,-5.76,237.09,4852.2,1411.5,1050.20
850,184.404,20,809.12,0.770437,-5.68,248.72,4849.3,1401.5,1050.20
851,184.404,21,849.32,0.808715,-5.60,260.27,4776.2,1371.4,1050.20
852,184.404,22,889.49,0.846968,-5.52,271.74,4843.6,1381.7,1050.20
853,184.404,23,929.64,0.885196,-5.44,283.13,5025.5,1424.1,1050.20
854,184.404,24,969.76,0.923398,-5.36,294.43,4601.2,1295.1,1050.20
855,184.404,25,1009.85,0.961575,-5.28,305.65,4630.9,1294.7,1050.20
856,184.404,26,1049.92,0.999727,-5.20,316.79,4797.1,1332.1,1050.20
857,197.608,0,0.00,0.000000,0.00,0.00,0.0,0.0,1735.03
858,197.608,1,40.55,0.023369,0.08,12.89,5149.6,1637.3,1735.03
859,197.608,2,81.03,0.046703,-0.00,25.70,4987.3,1577.9,1735.03
860,197.608,3,121.49,0.070022,-0.08,38.43,4838.6,1522.0,1735.03
861,197.608,4,161.86,0.093292,-0.42,51.07,4864.2,1523.3,1735.03
862,197.608,5,202.21,0.116547,-0.75,63.63,4655.7,1449.4,1735.03
863,197.608,6,242.51,0.139775,-1.30,76.12,4820.2,1493.2,1735.03
864,197.608,7,282.76,0.162974,-1.85,88.52,4849.7,1493.4,1735.03
865,197.608,8,322.99,0.186158,-2.40,100.83,4956.0,1517.0,1735.03
866,197.608,9,363.19,0.209326,-2.95,113.06,4843.6,1473.6,1735.03
867,197.608,10,403.36,0.232480,-3.50,125.21,4770.4,1442.4,1735.03
868,197.608,11,443.50,0.255618,-4.05,137.28,4837.6,1453.7,1735.03
869,197.608,12,483.62,0.278741,-4.60,149.26,4906.8,1465.3,1735.03
870,197.608,13,523.72,0.301850,-5.15,161.16,4761.6,1413.0,1735.03
871,197.608,14,563.83,0.324969,-5.49,172.98,4869.8,1434.4,1735.03
872,197.608,15,603.92,0.348073,-5.83,184.72,4693.0,1373.5,1735.03
873,197.608,16,644.04,0.371196,-5.91,196.37,4870.9,1414.4,1735.03
874,197.608,17,684.13,0.394304,-5.99,207.95,4727.9,1364.0,1735.03
875,197.608,18,724.23,0.417417,-5.91,219.43,4905.7,1404.8,1735.03
876,197.608,19,764.30,0.440514,-5.83,230.84,4760.7,1354.3,1735.03
877,197.608,20,804.35,0.463596,-5.75,242.17,4899.9,1384.6,1735.03
878,197.608,21,844.38,0.486664,-5.68,253.41,4755.1,1334.7,1735.03
879,197.608,22,884.37,0.509716,-5.60,264.57,4787.1,1334.5,1735.03
880,197.608,23,924.34,0.532753,-5.52,275.64,4819.5,1334.4,1735.03
881,197.608,24,964.29,0.555775,-5.45,286.64,4816.8,1324.5,1735.03
882,197.608,25,1004.20,0.578782,-5.37,297.55,4849.7,1324.3,1735.03
883,197.608,26,1044.09,0.601774,-5.29,308.38,4707.5,1276.4,1735.03
884,197.608,27,1083.96,0.624750,-5.22,319.12,4917.1,1323.9,1735.03
885,197.608,28,1123.80,0.647712,-5.14,329.79,4635.6,1239.2,1735.03
886,197.608,29,1163.61,0.670659,-5.06,340.37,4699.7,1247.3,1735.03
887,197.608,30,1203.40,0.693590,-4.99,350.87,4872.4,1283.7,1735.03
888,197.608,31,1243.16,0.716506,-4.91,361.29,4798.1,1254.9,1735.03
889,197.608,32,1282.89,0.739408,-4.83,371.62,4760.5,1235.9,1735.03
890,197.608,33,1322.60,0.762294,-4.76,381.87,4758.0,1226.0,1735.03
891,197.608,34,1362.32,0.785186,-4.68,392.05,4794.8,1226.2,1735.03
892,197.608,35,1401.98,0.808042,-4.60,402.14,4787.9,1215.1,1735.03
893,197.608,36,1441.61,0.830883,-4.53,412.14,4785.3,1205.2,1735.03
894,197.608,37,1481.21,0.853709,-4.45,422.06,4782.9,1195.3,1735.03
895,197.608,38,1520.79,0.876520,-4.37,431.90,4677.2,1159.7,1735.03
896,197.608,39,1560.04,0.899143,-4.37,441.66,4741.0,1175.4,1735.03
897,197.608,40,1593.36,0.918347,-6.09,451.33,4050.6,1174.1,1735.03
898,197.608,41,1628.12,0.938382,-8.60,460.92,4025.2,1106.7,1735.03
899,197.608,42,1666.81,0.960682,-10.73,470.43,4751.0,1162.7,1735.03
900,197.608,43,1702.31,0.981144,-12.41,479.86,4352.2,1152.6,1735.03
901,197.608,44,1733.78,0.999278,-15.58,489.20,3838.7,1134.0,1735.03
902,203.733,0,0.00,0.000000,0.00,0.00,0.0,-0.0,905.64
903,203.733,1,39.65,0.043777,0.08,9.09,4639.8,1064.3,905.64
904,203.733,2,79.24,0.087493,0.01,18.11,5067.7,1153.5,905.64
905,203.733,3,118.81,0.131189,-0.07,27.03,4664.5,1052.5,905.64
906,203.733,4,158.30,0.174797,-0.40,35.88,4902.2,1098.0,905.64
907,203.733,5,197.78,0.218384,-0.73,44.65,4619.9,1025.6,905.64
908,203.733,6,237.19,0.261900,-1.27,53.33,4819.2,1061.5,905.64
909,203.733,7,276.58,0.305394,-1.82,61.93,4545.6,992.2,905.64
910,203.733,8,315.95,0.348868,-2.36,70.44,4814.8,1041.3,905.64
911,203.733,9,355.30,0.392321,-2.91,78.88,4673.1,1001.3,905.64
912,203.733,10,394.64,0.435754,-3.45,87.23,4846.6,1028.8,905.64
913,203.733,11,433.95,0.479165,-3.99,95.50,4602.2,967.7,905.64
914,203.733,12,473.25,0.522556,-4.54,103.68,4735.5,986.2,905.64
915,203.733,13,512.53,0.565925,-5.08,111.79,4664.9,962.1,905.64
916,203.733,14,551.83,0.609325,-5.41,119.81,4504.8,919.1,905.64
917,203.733,15,591.12,0.652704,-5.74,127.75,4915.4,992.9,905.64
918,203.733,16,630.44,0.696129,-5.82,135.60,4920.8,982.6,905.64
919,203.733,17,669.75,0.739533,-5.89,143.38,4669.2,923.0,905.64
920,203.733,18,709.08,0.782957,-5.81,151.07,4775.4,933.5,905.64
921,203.733,19,748.39,0.826359,-5.73,158.68,4603.0,890.5,905.64
922,203.733,20,787.67,0.869741,-5.65,166.21,4736.5,906.7,905.64
923,203.733,21,826.94,0.913101,-5.57,173.65,4534.5,858.9,905.64
924,203.733,22,866.19,0.956441,-5.48,181.01,4913.4,920.7,905.64
925,203.733,23,905.43,0.999761,-5.40,188.29,4531.0,839.9,905.64
926,217.461,0,0.00,0.000000,0.00,0.00,,0.0,1790.96
927,217.461,1,41.24,0.023027,0.08,11.66,5080.4,1436.0,1790.96
928,217.461,2,82.42,0.046021,0.00,23.23,5230.3,1470.0,1790.96
929,217.461,3,123.49,0.068951,-0.64,36.60,4846.1,1575.6,1790.96
930,217.461,4,164.48,0.091839,-1.49,49.75,4802.2,1539.5,1790.96
931,217.461,5,205.53,0.114762,-1.83,61.08,4946.1,1364.5,1790.96
932,217.461,6,246.52,0.137645,-2.37,72.32,5049.3,1385.2,1790.96
933,217.461,7,287.48,0.160516,-2.92,83.49,4726.6,1287.9,1790.96
934,217.461,8,328.41,0.183373,-3.47,94.57,5160.1,1396.3,1790.96
935,217.461,9,369.33,0.206218,-4.02,105.56,4929.8,1324.8,1790.96
936,217.461,10,410.22,0.229049,-4.56,116.48,4927.1,1314.9,1790.96
937,217.461,11,451.08,0.251868,-5.11,127.31,4818.2,1276.7,1790.96
938,217.461,12,491.93,0.274673,-5.66,138.06,4995.3,1314.3,1790.96
939,217.461,13,532.75,0.297466,-6.20,148.72,4847.9,1266.4,1790.96
940,217.461,14,573.59,0.320272,-6.54,159.31,4995.7,1294.1,1790.96
941,217.461,15,614.42,0.343065,-6.87,169.81,4813.5,1237.9,1790.96
942,217.461,16,655.27,0.365877,-6.95,180.23,4852.4,1237.0,1790.96
943,217.461,17,696.10,0.388676,-7.02,190.57,4849.9,1227.2,1790.96
944,217.461,18,736.95,0.411482,-6.94,200.82,4817.0,1208.7,1790.96
945,217.461,19,777.77,0.434276,-6.87,210.99,5031.7,1253.0,1790.96
946,217.461,20,818.57,0.457056,-6.79,221.08,4991.7,1233.6,1790.96
947,217.461,21,859.35,0.479824,-6.71,231.09,4809.7,1179.5,1790.96
948,217.461,22,900.10,0.502578,-6.63,241.01,4986.7,1213.4,1790.96
949,217.461,23,940.83,0.525320,-6.55,250.85,4875.1,1177.0,1790.96
950,217.461,24,981.53,0.548049,-6.47,260.61,4734.5,1134.0,1790.96
951,217.461,25,1022.22,0.570764,-6.39,270.29,4942.6,1174.4,1790.96
952,217.461,26,1062.88,0.593467,-6.31,279.89,4977.1,1173.1,1790.96
953,217.461,27,1103.51,0.616156,-6.23,289.40,4901.5,1145.9,1790.96
954,217.461,28,1144.12,0.638833,-6.15,298.83,4863.5,1127.7,1790.96
955,217.461,29,1184.71,0.661497,-6.07,308.17,4690.0,1078.4,1790.96
956,217.461,30,1225.28,0.684147,-5.99,317.44,5043.0,1149.9,1790.96
957,217.461,31,1265.82,0.706785,-5.91,326.62,4752.6,1074.5,1790.96
958,217.461,32,1307.33,0.729960,-5.83,335.94,4972.6,1114.6,1790.96
959,217.461,33,1347.83,0.752571,-5.75,344.95,4887.9,1086.0,1790.96
960,217.461,34,1388.30,0.775170,-5.67,353.89,4921.9,1084.0,1790.96
961,217.461,35,1428.75,0.797755,-5.59,362.74,4744.0,1035.7,1790.96
962,217.461,36,1469.17,0.820328,-5.51,371.50,4917.5,1064.0,1790.96
963,217.461,37,1509.58,0.842887,-5.43,380.19,4808.5,1031.1,1790.96
964,217.461,38,1549.96,0.865433,-5.35,388.79,4771.8,1014.0,1790.96
965,217.461,39,1590.31,0.887967,-5.27,397.31,5061.1,1065.6,1790.96
966,217.461,40,1630.65,0.910487,-5.19,405.75,4872.9,1016.4,1790.96
967,217.461,41,1670.96,0.932995,-5.11,414.10,4800.2,991.9,1790.96
968,217.461,42,1711.24,0.955490,-5.03,422.37,4868.8,996.6,1790.96
969,217.461,43,1751.51,0.977971,-4.95,430.56,4796.2,972.3,1790.96
970,217.461,44,1789.64,0.999264,-5.16,438.67,4474.5,948.8,1790.96
971,223.445,0,0.00,0.000000,0.00,0.00,0.0,0.0,1041.69
972,223.445,1,40.45,0.038827,0.08,12.94,4908.6,1570.7,1041.69
973,223.445,2,80.83,0.077595,-0.00,25.80,4829.6,1537.9,1041.69
974,223.445,3,121.19,0.116337,-0.08,38.58,4689.5,1484.7,1041.69
975,223.445,4,161.46,0.155000,-0.42,51.27,5076.0,1599.9,1041.69
976,223.445,5,201.71,0.193637,-0.75,63.89,4778.7,1497.4,1041.69
977,223.445,6,241.88,0.232203,-1.30,76.42,4668.8,1455.9,1041.69
978,223.445,7,282.03,0.270744,-1.84,88.86,4732.9,1467.1,1041.69
979,223.445,8,322.15,0.309260,-2.39,101.23,4764.2,1468.0,1041.69
980,223.445,9,362.25,0.347750,-2.94,113.51,4867.0,1490.6,1041.69
981,223.445,10,402.32,0.386216,-3.49,125.71,5090.1,1549.4,1041.69
982,223.445,11,442.36,0.424656,-4.03,137.83,4789.9,1449.1,1041.69
983,223.445,12,482.38,0.463070,-4.58,149.86,4930.9,1482.5,1041.69
984,223.445,13,522.37,0.501460,-5.13,161.81,4681.5,1398.7,1041.69
985,223.445,14,562.38,0.539869,-5.46,173.68,4751.8,1409.2,1041.69
986,223.445,15,602.36,0.578253,-5.80,185.47,4927.4,1452.0,1041.69
987,223.445,16,642.38,0.616667,-5.88,197.17,4651.6,1360.1,1041.69
988,223.445,17,682.37,0.655056,-5.96,208.80,4616.0,1341.0,1041.69
989,223.445,18,722.36,0.693453,-5.88,220.34,5043.7,1454.3,1041.69
990,223.445,19,762.34,0.731825,-5.80,231.79,4890.2,1400.8,1041.69
991,223.445,20,802.28,0.770172,-5.72,243.17,4815.4,1370.3,1041.69
992,223.445,21,842.20,0.808493,-5.64,254.46,4675.1,1321.5,1041.69
993,223.445,22,882.09,0.846790,-5.57,265.67,4993.4,1402.0,1041.69
994,223.445,23,921.96,0.885061,-5.49,276.80,4737.4,1321.1,1041.69
995,223.445,24,961.80,0.923306,-5.41,287.84,4700.6,1301.8,1041.69
996,223.445,25,1001.61,0.961527,-5.33,298.80,4801.5,1320.6,1041.69
997,223.445,26,1041.40,0.999722,-5.25,309.68,4661.7,1273.2,1041.69
998,229.731,0,0.00,0.000000,0.00,0.00,0.0,-0.0,1712.56
999,229.731,1,39.17,0.022871,0.08,5.93,4684.1,708.8,1712.56
1000,229.731,2,78.29,0.045713,0.00,11.77,4783.0,714.6,1712.56
1001,229.731,3,117.39,0.068548,-0.08,17.53,4609.5,679.1,1712.56
1002,229.731,4,156.43,0.091340,-0.41,23.21,4772.8,694.4,1712.56
1003,229.731,5,195.59,0.114209,-0.75,28.83,4583.6,657.4,1712.56
1004,229.731,6,234.55,0.136959,-1.29,34.34,4800.2,679.3,1712.56
1005,229.731,7,273.50,0.159702,-1.84,39.77,4658.6,649.6,1712.56
1006,229.731,8,312.76,0.182626,-2.39,45.17,4801.0,659.4,1712.56
1007,229.731,9,351.68,0.205354,-2.94,50.43,4588.9,620.7,1712.56
1008,229.731,10,390.59,0.228076,-3.49,55.62,4688.8,624.4,1712.56
1009,229.731,11,429.49,0.250789,-4.03,60.72,4553.6,596.9,1712.56
1010,229.731,12,468.38,0.273496,-4.58,65.74,4720.9,609.0,1712.56
1011,229.731,13,507.25,0.296196,-5.12,70.67,4617.2,586.0,1712.56
1012,229.731,14,546.16,0.318916,-5.46,75.52,4759.1,593.4,1712.56
1013,229.731,15,585.06,0.341629,-5.79,80.30,4458.6,546.6,1712.56
1014,229.731,16,624.00,0.364370,-5.87,84.98,4625.8,556.6,1712.56
1015,229.731,17,662.94,0.387103,-5.94,89.59,4798.5,567.4,1712.56
1016,229.731,18,701.89,0.409851,-5.86,94.11,4801.9,557.2,1712.56
1017,229.731,19,740.84,0.432591,-5.79,98.55,4593.5,523.4,1712.56
1018,229.731,20,779.86,0.455380,-5.71,102.92,4705.1,526.3,1712.56
1019,229.731,21,818.94,0.478199,-5.63,107.22,4643.6,509.7,1712.56
1020,229.731,22,857.85,0.500918,-5.55,111.41,4657.2,501.4,1712.56
1021,229.731,23,896.74,0.523629,-5.47,115.52,4622.4,488.0,1712.56
1022,229.731,24,935.63,0.546333,-5.39,119.55,4689.4,485.2,1712.56
1023,229.731,25,974.50,0.569030,-5.31,123.49,4723.1,478.8,1712.56
1024,229.731,26,1013.35,0.591719,-5.23,127.35,4722.1,468.8,1712.56
1025,229.731,27,1052.20,0.614401,-5.16,131.13,4585.2,445.6,1712.56
1026,229.731,28,1091.03,0.637076,-5.08,134.83,4720.1,448.8,1712.56
1027,229.731,29,1129.85,0.659744,-5.00,138.45,4486.6,417.1,1712.56
1028,229.731,30,1168.66,0.682405,-4.92,141.98,4789.2,435.2,1712.56
1029,229.731,31,1207.45,0.705058,-4.84,145.43,4648.5,412.6,1712.56
1030,229.731,32,1246.47,0.727843,-4.76,148.82,4745.4,411.2,1712.56
1031,229.731,33,1285.24,0.750482,-4.68,152.10,4579.9,387.2,1712.56
1032,229.731,34,1324.00,0.773113,-4.60,155.30,4714.8,388.6,1712.56
1033,229.731,35,1362.75,0.795738,-4.53,158.42,4611.5,370.4,1712.56
1034,229.731,36,1401.48,0.818355,-4.45,161.46,4713.2,368.6,1712.56
1035,229.731,37,1440.20,0.840965,-4.37,164.42,4610.0,350.8,1712.56
1036,229.731,38,1478.91,0.863567,-4.29,167.29,4782.5,353.8,1712.56
1037,229.731,39,1517.60,0.886162,-4.21,170.08,4510.5,324.2,1712.56
1038,229.731,40,1556.29,0.908751,-4.13,172.78,4781.1,333.5,1712.56
1039,229.731,41,1594.96,0.931331,-4.05,175.41,4509.1,305.0,1712.56
1040,229.731,42,1633.62,0.953905,-3.98,177.95,4744.0,310.8,1712.56
1041,229.731,43,1672.26,0.976471,-3.90,180.41,4673.6,296.3,1712.56
1042,229.731,44,1710.90,0.999030,-3.82,182.79,4605.3,282.2,1712.56
1043,235.601,0,0.00,0.000000,0.00,0.00,0.0,-0.0,1145.02
1044,235.601,1,39.83,0.034783,0.08,5.21,4763.0,623.4,1145.02
1045,235.601,2,79.61,0.069524,-0.00,10.34,4722.8,609.1,1145.02
1046,235.601,3,119.38,0.104256,-0.08,15.39,4791.0,608.1,1145.02
1047,235.601,4,159.07,0.138927,-0.41,20.36,4818.1,602.6,1145.02
1048,235.601,5,198.76,0.173587,-0.75,25.24,4781.5,588.2,1145.02
1049,235.601,6,238.39,0.208197,-1.30,30.04,4774.7,578.3,1145.02
1050,235.601,7,278.01,0.242796,-1.85,34.76,4773.5,568.4,1145.02
1051,235.601,8,317.61,0.277387,-2.40,39.39,4737.5,554.4,1145.02
1052,235.601,9,357.21,0.311968,-2.95,43.95,4771.2,548.5,1145.02
1053,235.601,10,396.80,0.346540,-3.50,48.42,4805.4,542.5,1145.02
1054,235.601,11,436.37,0.381102,-4.05,52.80,4768.9,528.6,1145.02
1055,235.601,12,475.93,0.415655,-4.60,57.11,4767.8,518.7,1145.02
1056,235.601,13,515.49,0.450199,-5.15,61.33,4697.7,501.4,1145.02
1057,235.601,14,555.08,0.484775,-5.49,65.47,4702.1,491.6,1145.02
1058,235.601,15,594.66,0.519343,-5.83,69.53,4770.3,488.9,1145.02
1059,235.601,16,634.29,0.553953,-5.90,73.51,4811.7,482.5,1145.02
1060,235.601,17,673.91,0.588554,-5.98,77.40,4740.5,465.6,1145.02
1061,235.601,18,713.55,0.623178,-5.90,81.21,4778.9,459.0,1145.02
1062,235.601,19,753.19,0.657792,-5.83,84.94,4743.0,445.8,1145.02
1063,235.601,20,792.81,0.692397,-5.75,88.58,4673.9,429.7,1145.02
1064,235.601,21,832.42,0.726993,-5.67,92.15,4847.4,435.6,1145.02
1065,235.601,22,872.03,0.761580,-5.59,95.63,4775.2,419.3,1145.02
1066,235.601,23,911.62,0.796157,-5.52,99.02,4739.5,406.4,1145.02
1067,235.601,24,951.20,0.830725,-5.44,102.34,4704.3,393.6,1145.02
1068,235.601,25,990.77,0.865283,-5.36,105.57,4669.7,381.1,1145.02
1069,235.601,26,1030.33,0.899832,-5.29,108.72,4807.2,382.3,1145.02
1070,235.601,27,1069.88,0.934372,-5.21,111.79,4736.3,366.9,1145.02
1071,235.601,28,1109.41,0.968902,-5.13,114.78,4841.5,365.0,1145.02
1072,235.601,29,1144.58,0.999612,-6.02,117.68,4211.5,347.2,1145.02
1073,260.717,0,0.00,0.000000,0.00,0.00,,0.0,1172.16
1074,260.717,1,39.47,0.033672,0.08,5.92,4754.8,713.4,1172.16
1075,260.717,2,78.70,0.067145,0.00,11.73,4761.8,705.3,1172.16
1076,260.717,3,117.93,0.100606,-0.08,17.46,4725.1,690.2,1172.16
1077,260.717,4,157.08,0.134007,-0.42,23.11,4716.8,680.3,1172.16
1078,260.717,5,196.22,0.167397,-0.75,28.67,4750.3,675.3,1172.16
1079,260.717,6,235.29,0.200734,-1.30,34.16,4640.0,650.8,1172.16
1080,260.717,7,274.36,0.234061,-1.85,39.56,4672.5,645.7,1172.16
1081,260.717,8,313.41,0.267378,-2.39,44.87,4740.4,645.3,1172.16
1082,260.717,9,352.45,0.300683,-2.94,50.11,4669.8,626.0,1172.16
1083,260.717,10,391.48,0.333979,-3.49,55.26,4737.7,625.2,1172.16
1084,260.717,11,430.49,0.367264,-4.04,60.33,4736.4,615.2,1172.16
1085,260.717,12,469.50,0.400538,-4.58,65.31,4598.8,587.8,1172.16
1086,260.717,13,508.49,0.433802,-5.13,70.22,4699.0,590.8,1172.16
1087,260.717,14,547.52,0.467098,-5.47,75.04,4738.3,585.2,1172.16
1088,260.717,15,586.53,0.500385,-5.80,79.78,4634.3,562.7,1172.16
1089,260.717,16,625.60,0.533711,-5.88,84.44,4639.9,552.9,1172.16
1090,260.717,17,664.65,0.567026,-5.96,89.01,4777.2,559.3,1172.16
1091,260.717,18,703.72,0.600361,-5.88,93.50,4608.5,529.5,1172.16
1092,260.717,19,742.78,0.633686,-5.80,97.91,4674.6,527.3,1172.16
1093,260.717,20,781.83,0.667001,-5.72,102.24,4639.7,513.7,1172.16
1094,260.717,21,820.87,0.700305,-5.65,106.48,4672.5,507.6,1172.16
1095,260.717,22,859.90,0.733598,-5.57,110.65,4740.6,505.1,1172.16
1096,260.717,23,898.91,0.766881,-5.49,114.72,4636.5,484.3,1172.16
1097,260.717,24,937.91,0.800154,-5.41,118.72,4703.7,481.5,1172.16
1098,260.717,25,976.90,0.833416,-5.34,122.64,4668.3,468.1,1172.16
1099,260.717,26,1015.88,0.866667,-5.26,126.47,4633.5,454.9,1172.16
1100,260.717,27,1054.84,0.899908,-5.18,130.22,4632.6,445.1,1172.16
1101,260.717,28,1093.79,0.933139,-5.10,133.88,4734.6,445.0,1172.16
1102,260.717,29,1132.73,0.966359,-5.02,137.47,4698.8,431.8,1172.16
1103,260.717,30,1171.66,0.999568,-4.95,140.97,4596.5,412.8,1172.16
1104,273.767,0,0.00,0.000000,0.00,0.00,,0.0,1748.44
1105,273.767,1,40.56,0.023195,0.08,18.64,4958.7,2278.6,1748.44
1106,273.767,2,81.04,0.046351,-0.00,37.19,4738.1,2171.3,1748.44
1107,273.767,3,121.49,0.069485,-0.08,55.66,5218.2,2382.9,1748.44
1108,273.767,4,161.85,0.092566,-0.42,74.05,4826.5,2199.1,1748.44
1109,273.767,5,202.17,0.115626,-0.76,92.36,4893.4,2221.7,1748.44
1110,273.767,6,242.40,0.138639,-1.31,110.58,4395.6,1990.5,1748.44
1111,273.767,7,282.60,0.161631,-1.86,128.72,4843.5,2185.5,1748.44
1112,273.767,8,322.77,0.184602,-2.41,146.78,4839.1,2175.5,1748.44
1113,273.767,9,362.89,0.207550,-2.96,164.75,5177.2,2319.1,1748.44
1114,273.767,10,402.98,0.230477,-3.51,182.65,4794.9,2139.9,1748.44
1115,273.767,11,443.02,0.253382,-4.06,200.46,4755.8,2114.6,1748.44
1116,273.767,12,483.03,0.276266,-4.61,218.19,4460.5,1975.9,1748.44
1117,273.767,13,523.01,0.299128,-5.16,235.83,4852.6,2141.6,1748.44
1118,273.767,14,562.99,0.321993,-5.50,253.40,5039.8,2213.5,1748.44
1119,273.767,15,602.93,0.344836,-5.84,270.88,4996.8,2186.3,1748.44
1120,273.767,16,642.88,0.367688,-5.92,288.28,4745.4,2065.6,1748.44
1121,273.767,17,682.80,0.390519,-6.00,305.59,4882.7,2117.2,1748.44
1122,273.767,18,722.71,0.413346,-5.92,322.83,4639.9,2002.5,1748.44
1123,273.767,19,762.59,0.436152,-5.84,339.98,4841.8,2081.5,1748.44
1124,273.767,20,802.42,0.458936,-5.77,357.05,4766.9,2041.2,1748.44
1125,273.767,21,842.22,0.481698,-5.69,374.03,4833.2,2061.5,1748.44
1126,273.767,22,881.98,0.504439,-5.62,390.94,4690.0,1992.4,1748.44
1127,273.767,23,921.71,0.527158,-5.54,407.76,4824.7,2041.4,1748.44
1128,273.767,24,961.39,0.549855,-5.46,424.49,4397.1,1853.0,1748.44
1129,273.767,25,1001.04,0.572531,-5.39,441.15,4816.3,2021.4,1748.44
1130,273.767,26,1040.65,0.595185,-5.31,457.72,4707.5,1967.7,1748.44
1131,273.767,27,1080.22,0.617818,-5.23,474.22,5151.3,2144.4,1748.44
1132,273.767,28,1119.75,0.640428,-5.16,490.62,4768.4,1976.7,1748.44
1133,273.767,29,1159.25,0.663017,-5.08,506.95,4729.6,1952.5,1748.44
1134,273.767,30,1198.71,0.685585,-5.01,523.19,4657.5,1914.6,1748.44
1135,273.767,31,1238.13,0.708131,-4.93,539.35,4827.1,1976.0,1748.44
1136,273.767,32,1277.51,0.730655,-4.85,555.43,4717.4,1922.9,1748.44
1137,273.767,33,1316.85,0.753157,-4.78,571.43,4783.2,1941.3,1748.44
1138,273.767,34,1356.16,0.775638,-4.70,587.34,4675.3,1889.3,1748.44
1139,273.767,35,1395.43,0.798097,-4.63,603.17,4740.0,1907.2,1748.44
1140,273.767,36,1434.66,0.820535,-4.55,618.92,4600.7,1843.0,1748.44
1141,273.767,37,1473.85,0.842951,-4.47,634.59,4500.4,1794.9,1748.44
1142,273.767,38,1513.01,0.865345,-4.40,650.17,4528.3,1798.0,1748.44
1143,273.767,39,1552.12,0.887717,-4.32,665.67,5099.1,2015.6,1748.44
1144,273.767,40,1591.20,0.910068,-4.24,681.09,4651.8,1830.6,1748.44
1145,273.767,41,1630.24,0.932398,-4.17,696.43,4716.3,1847.5,1748.44
1146,273.767,42,1669.25,0.954705,-4.09,711.68,4420.0,1723.5,1748.44
1147,273.767,43,1708.21,0.976991,-4.02,726.85,5002.9,1941.9,1748.44
1148,273.767,44,1747.14,0.999255,-3.94,741.94,4670.4,1804.5,1748.44
1149,283.940,0,0.00,0.000000,0.00,0.00,0.0,0.0,1675.04
1150,283.940,1,39.45,0.023549,0.08,30.41,4488.1,3460.5,1675.04
1151,283.940,2,78.80,0.047046,0.00,60.75,4707.0,3627.4,1675.04
1152,283.940,3,118.10,0.070505,-0.07,91.00,4990.8,3841.9,1675.04
1153,283.940,4,157.29,0.093904,-0.40,121.16,4687.3,3607.7,1675.04
1154,283.940,5,196.42,0.117264,-0.74,151.25,4612.4,3546.1,1675.04
1155,283.940,6,235.46,0.140567,-1.28,181.25,4668.5,3588.0,1675.04
1156,283.940,7,274.42,0.163831,-1.83,211.17,4373.6,3357.5,1675.04
1157,283.940,8,313.33,0.187058,-2.38,241.00,4653.4,3568.2,1675.04
1158,283.940,9,352.17,0.210247,-2.92,270.76,5051.4,3869.0,1675.04
1159,283.940,10,390.95,0.233398,-3.47,300.43,4638.2,3548.5,1675.04
1160,283.940,11,429.67,0.256511,-4.02,330.02,4597.1,3513.0,1675.04
1161,283.940,12,468.32,0.279586,-4.57,359.53,4623.2,3528.8,1675.04
1162,283.940,13,506.91,0.302623,-5.11,388.95,4422.0,3371.2,1675.04
1163,283.940,14,545.46,0.325641,-5.45,418.29,4860.1,3698.0,1675.04
1164,283.940,15,583.96,0.348622,-5.78,447.55,4778.7,3631.7,1675.04
1165,283.940,16,622.42,0.371587,-5.85,476.73,4669.5,3541.0,1675.04
1166,283.940,17,660.83,0.394515,-5.93,505.82,4560.6,3454.2,1675.04
1167,283.940,18,699.19,0.417419,-5.85,534.83,4589.3,3469.6,1675.04
1168,283.940,19,737.50,0.440284,-5.77,563.76,4329.1,3268.8,1675.04
1169,283.940,20,775.73,0.463112,-5.69,592.61,4934.6,3721.5,1675.04
1170,283.940,21,813.91,0.485902,-5.61,621.37,4600.6,3465.2,1675.04
1171,283.940,22,852.02,0.508654,-5.53,650.06,4493.9,3380.7,1675.04
1172,283.940,23,890.06,0.531368,-5.45,678.66,4552.1,3420.2,1675.04
1173,283.940,24,928.05,0.554044,-5.37,707.17,4612.0,3460.9,1675.04
1174,283.940,25,965.97,0.576682,-5.29,735.61,4537.3,3400.5,1675.04
1175,283.940,26,1003.82,0.599282,-5.21,763.96,4529.9,3390.6,1675.04
1176,283.940,27,1041.61,0.621844,-5.13,792.23,4489.8,3356.3,1675.04
1177,283.940,28,1079.34,0.644368,-5.06,820.41,4582.1,3420.8,1675.04
1178,283.940,29,1117.01,0.666854,-4.98,848.52,4475.1,3336.7,1675.04
1179,283.940,30,1154.61,0.689302,-4.90,876.54,4500.5,3351.2,1675.04
1180,283.940,31,1192.15,0.711712,-4.82,904.48,4559.7,3390.8,1675.04
1181,283.940,32,1229.62,0.734084,-4.74,932.34,4518.8,3355.9,1675.04
1182,283.940,33,1267.03,0.756419,-4.66,960.11,4414.0,3273.8,1675.04
1183,283.940,34,1304.38,0.778715,-4.58,987.80,4537.4,3360.8,1675.04
1184,283.940,35,1341.66,0.800973,-4.50,1015.41,4463.9,3301.8,1675.04
1185,283.940,36,1378.88,0.823194,-4.42,1042.94,4489.3,3316.2,1675.04
1186,283.940,37,1416.04,0.845376,-4.34,1070.38,4233.0,3122.5,1675.04
1187,283.940,38,1453.13,0.867520,-4.26,1097.74,4791.8,3529.9,1675.04
1188,283.940,39,1490.16,0.889627,-4.18,1125.02,4402.6,3238.7,1675.04
1189,283.940,40,1527.13,0.911695,-4.10,1152.22,4460.0,3276.4,1675.04
1190,283.940,41,1564.03,0.933726,-4.02,1179.33,4264.6,3128.4,1675.04
1191,283.940,42,1600.87,0.955718,-3.94,1206.37,4413.0,3232.8,1675.04
1192,283.940,43,1637.64,0.977673,-3.86,1233.32,4538.3,3319.8,1675.04
1193,283.940,44,1674.36,0.999589,-3.78,1260.18,4335.3,3166.8,1675.04
1194,293.254,0,0.00,0.000000,0.00,0.00,0.0,0.0,1670.77
1195,293.254,1,39.28,0.023510,0.08,30.26,4732.0,3646.0,1670.77
1196,293.254,2,78.47,0.046968,-0.00,60.45,4459.3,3434.1,1670.77
1197,293.254,3,117.60,0.070388,-0.08,90.55,4714.0,3626.1,1670.77
1198,293.254,4,157.04,0.093991,-0.42,120.88,4751.1,3653.9,1670.77
1199,293.254,5,196.17,0.117415,-0.77,150.94,4714.9,3622.0,1670.77
1200,293.254,6,235.04,0.140679,-1.32,180.79,4683.2,3596.2,1670.77
1201,293.254,7,273.85,0.163906,-1.87,210.56,4607.8,3534.2,1670.77
1202,293.254,8,312.59,0.187094,-2.42,240.25,4600.3,3524.4,1670.77
1203,293.254,9,351.83,0.210581,-2.98,270.28,4693.4,3591.9,1670.77
1204,293.254,10,390.45,0.233692,-3.53,299.80,4652.6,3556.2,1670.77
1205,293.254,11,429.00,0.256766,-4.08,329.24,4645.0,3546.3,1670.77
1206,293.254,12,467.52,0.279820,-4.64,358.62,4508.4,3438.0,1670.77
1207,293.254,13,505.94,0.302818,-5.18,387.89,4699.1,3579.1,1670.77
1208,293.254,14,544.33,0.325796,-5.52,417.08,4660.1,3542.5,1670.77
1209,293.254,15,582.66,0.348737,-5.85,446.18,4331.6,3288.9,1670.77
1210,293.254,16,622.91,0.372828,-5.93,476.69,4997.0,3785.8,1670.77
1211,293.254,17,661.15,0.395714,-6.00,505.62,4540.7,3435.6,1670.77
1212,293.254,18,699.34,0.418574,-5.93,534.48,4852.2,3664.9,1670.77
1213,293.254,19,737.47,0.441396,-5.85,563.25,4663.6,3518.0,1670.77
1214,293.254,20,775.54,0.464179,-5.77,591.94,4488.5,3381.7,1670.77
1215,293.254,21,813.54,0.486925,-5.70,620.55,4266.3,3210.3,1670.77
1216,293.254,22,851.48,0.509633,-5.62,649.08,4441.9,3338.3,1670.77
1217,293.254,23,889.36,0.532303,-5.55,677.52,4668.0,3503.8,1670.77
1218,293.254,24,927.17,0.554935,-5.47,705.88,4880.6,3658.7,1670.77
1219,293.254,25,964.92,0.577528,-5.40,734.16,4517.0,3381.8,1670.77
1220,293.254,26,1002.61,0.600084,-5.32,762.35,4542.7,3396.7,1670.77
1221,293.254,27,1040.23,0.622602,-5.24,790.46,4283.3,3198.6,1670.77
1222,293.254,28,1077.79,0.645081,-5.17,818.50,4462.3,3327.9,1670.77
1223,293.254,29,1115.28,0.667523,-5.09,846.44,4657.5,3468.9,1670.77
1224,293.254,30,1152.71,0.689926,-5.02,874.31,4758.0,3539.1,1670.77
1225,293.254,31,1190.08,0.712292,-4.94,902.09,4472.8,3322.6,1670.77
1226,293.254,32,1227.38,0.734619,-4.87,929.79,4531.6,3361.8,1670.77
1227,293.254,33,1264.62,0.756909,-4.79,957.41,4183.3,3099.3,1670.77
1228,293.254,34,1301.80,0.779160,-4.72,984.94,4294.1,3177.0,1670.77
1229,293.254,35,1338.91,0.801374,-4.64,1012.40,4577.2,3381.9,1670.77
1230,293.254,36,1375.96,0.823549,-4.56,1039.77,4748.2,3503.4,1670.77
1231,293.254,37,1412.95,0.845686,-4.49,1067.06,4494.6,3311.7,1670.77
1232,293.254,38,1449.87,0.867785,-4.41,1094.26,4421.7,3253.5,1670.77
1233,293.254,39,1486.73,0.889847,-4.34,1121.38,4170.9,3064.7,1670.77
1234,293.254,40,1523.53,0.911870,-4.26,1148.42,4252.1,3119.9,1670.77
1235,293.254,41,1560.26,0.933855,-4.19,1175.38,4566.7,3346.0,1670.77
1236,293.254,42,1596.93,0.955802,-4.11,1202.26,4629.3,3387.1,1670.77
1237,293.254,43,1633.53,0.977711,-4.03,1229.05,4450.5,3251.7,1670.77
1238,293.254,44,1670.08,0.999582,-3.96,1255.76,4378.4,3194.3,1670.77
1239,305.987,0,0.00,0.000000,0.00,0.00,,0.0,1774.56
1240,305.987,1,41.08,0.023150,0.08,17.55,4985.6,2130.2,1774.56
1241,305.987,2,82.09,0.046259,-0.00,35.02,4833.9,2059.1,1774.56
1242,305.987,3,123.06,0.069349,-0.08,52.41,4936.3,2094.6,1774.56
1243,305.987,4,163.95,0.092390,-0.42,69.71,4785.1,2025.1,1774.56
1244,305.987,5,204.80,0.115410,-0.75,86.94,4995.0,2105.7,1774.56
1245,305.987,6,245.57,0.138385,-1.30,104.07,4806.1,2020.2,1774.56
1246,305.987,7,286.64,0.161530,-1.86,121.27,5060.4,2118.6,1774.56
1247,305.987,8,327.34,0.184465,-2.41,138.25,4763.7,1986.4,1774.56
1248,305.987,9,368.01,0.207380,-2.96,155.14,4972.8,2065.3,1774.56
1249,305.987,10,408.64,0.230275,-3.51,171.95,4789.9,1981.3,1774.56
1250,305.987,11,449.23,0.253151,-4.05,188.67,4891.4,2015.0,1774.56
1251,305.987,12,489.79,0.276006,-4.60,205.32,4997.6,2050.3,1774.56
1252,305.987,13,530.31,0.298842,-5.15,221.88,4883.2,1995.2,1774.56
1253,305.987,14,570.84,0.321683,-5.48,238.36,4848.9,1970.7,1774.56
1254,305.987,15,611.34,0.344505,-5.82,254.75,4880.4,1975.3,1774.56
1255,305.987,16,651.86,0.367337,-5.90,271.07,4743.3,1909.2,1774.56
1256,305.987,17,692.34,0.390151,-5.97,287.30,4952.0,1984.6,1774.56
1257,305.987,18,732.83,0.412963,-5.90,303.45,4879.1,1945.5,1774.56
1258,305.987,19,773.27,0.435755,-5.82,319.51,4947.9,1964.4,1774.56
1259,305.987,20,813.68,0.458528,-5.75,335.50,4800.6,1897.7,1774.56
1260,305.987,21,854.06,0.481280,-5.67,351.40,4903.4,1929.8,1774.56
1261,305.987,22,894.40,0.504013,-5.59,367.22,4758.4,1864.6,1774.56
1262,305.987,23,934.71,0.526726,-5.52,382.95,4895.5,1909.8,1774.56
1263,305.987,24,974.98,0.549419,-5.44,398.61,4855.7,1885.8,1774.56
1264,305.987,25,1015.21,0.572093,-5.36,414.18,4887.7,1889.8,1774.56
1265,305.987,26,1055.41,0.594746,-5.29,429.67,4812.6,1852.3,1774.56
1266,305.987,27,1095.58,0.617380,-5.21,445.07,4880.0,1869.8,1774.56
1267,305.987,28,1135.70,0.639994,-5.13,460.40,4668.7,1780.6,1774.56
1268,305.987,29,1175.80,0.662588,-5.06,475.64,4908.8,1863.5,1774.56
1269,305.987,30,1215.86,0.685162,-4.98,490.80,4797.5,1812.9,1774.56
1270,305.987,31,1255.88,0.707716,-4.91,505.87,4829.1,1816.3,1774.56
1271,305.987,32,1295.87,0.730251,-4.83,520.87,4790.1,1793.1,1774.56
1272,305.987,33,1335.82,0.752765,-4.75,535.78,4857.3,1809.7,1774.56
1273,305.987,34,1375.74,0.775260,-4.68,550.61,4680.3,1735.4,1774.56
1274,305.987,35,1415.63,0.797735,-4.60,565.35,4710.3,1738.2,1774.56
1275,305.987,36,1455.47,0.820190,-4.52,580.02,4706.8,1728.4,1774.56
1276,305.987,37,1495.29,0.842626,-4.45,594.60,4915.4,1796.2,1774.56
1277,305.987,38,1535.06,0.865041,-4.37,609.10,4666.1,1696.8,1774.56
1278,305.987,39,1574.90,0.887489,-4.29,623.55,4882.7,1766.7,1774.56
1279,305.987,40,1614.61,0.909865,-4.22,637.88,4659.1,1677.4,1774.56
1280,305.987,41,1654.28,0.932221,-4.14,652.13,4828.1,1729.6,1774.56
1281,305.987,42,1693.91,0.954557,-4.07,666.30,4719.6,1682.2,1774.56
1282,305.987,43,1733.66,0.976953,-3.99,680.44,4910.9,1741.4,1774.56
1283,305.987,44,1773.22,0.999249,-3.91,694.44,4747.0,1674.7,1774.56
1284,321.547,0,0.00,0.000000,0.00,0.00,0.0,-0.0,1734.04
1285,321.547,1,39.85,0.022983,0.08,10.56,4766.2,1263.1,1734.04
1286,321.547,2,79.65,0.045933,-0.00,21.04,4759.3,1253.2,1734.04
1287,321.547,3,119.42,0.068870,-0.08,31.44,4654.7,1216.7,1734.04
1288,321.547,4,159.12,0.091763,-0.41,41.75,4890.4,1270.6,1734.04
1289,321.547,5,198.80,0.114643,-0.74,51.98,4815.4,1241.7,1734.04
1290,321.547,6,238.40,0.137483,-1.29,62.13,4807.2,1231.7,1734.04
1291,321.547,7,277.98,0.160310,-1.84,72.20,4666.3,1186.5,1734.04
1292,321.547,8,317.55,0.183124,-2.38,82.18,4766.8,1202.8,1734.04
1293,321.547,9,357.08,0.205926,-2.93,92.08,4661.4,1167.1,1734.04
1294,321.547,10,396.60,0.228715,-3.48,101.90,4832.9,1200.6,1734.04
1295,321.547,11,436.10,0.251492,-4.02,111.64,4690.4,1156.0,1734.04
1296,321.547,12,475.57,0.274256,-4.57,121.29,4722.2,1154.5,1734.04
1297,321.547,13,515.02,0.297008,-5.12,130.86,4754.5,1153.1,1734.04
1298,321.547,14,554.50,0.319775,-5.45,140.35,4757.7,1143.1,1734.04
1299,321.547,15,593.96,0.342529,-5.78,149.76,4652.7,1108.7,1734.04
1300,321.547,16,633.45,0.365303,-5.86,159.08,4794.8,1131.6,1734.04
1301,321.547,17,672.92,0.388065,-5.94,168.33,4792.4,1121.6,1734.04
1302,321.547,18,712.40,0.410834,-5.86,177.48,4656.5,1079.6,1734.04
1303,321.547,19,751.87,0.433591,-5.78,186.56,4757.0,1093.4,1734.04
1304,321.547,20,791.31,0.456336,-5.70,195.56,4754.7,1083.5,1734.04
1305,321.547,21,830.72,0.479067,-5.63,204.47,4583.9,1035.5,1734.04
1306,321.547,22,870.40,0.501947,-5.55,213.36,4891.7,1095.3,1734.04
1307,321.547,23,909.77,0.524654,-5.47,222.10,4783.1,1061.4,1734.04
1308,321.547,24,949.13,0.547348,-5.39,230.77,4711.1,1036.1,1734.04
1309,321.547,25,988.46,0.570030,-5.31,239.35,4709.0,1026.2,1734.04
1310,321.547,26,1027.77,0.592698,-5.23,247.85,4741.4,1023.8,1734.04
1311,321.547,27,1067.05,0.615355,-5.15,256.26,4637.0,992.0,1734.04
1312,321.547,28,1106.32,0.637999,-5.08,264.60,4737.2,1003.9,1734.04
1313,321.547,29,1145.56,0.660630,-5.00,272.85,4770.2,1001.4,1734.04
1314,321.547,30,1184.78,0.683248,-4.92,281.02,4733.0,984.1,1734.04
1315,321.547,31,1223.98,0.705855,-4.84,289.10,4662.4,960.0,1734.04
1316,321.547,32,1263.25,0.728499,-4.76,297.12,4774.6,973.5,1734.04
1317,321.547,33,1302.41,0.751080,-4.68,305.04,4658.4,940.4,1734.04
1318,321.547,34,1341.54,0.773648,-4.60,312.88,4724.9,944.3,1734.04
1319,321.547,35,1380.65,0.796204,-4.53,320.64,4757.9,941.3,1734.04
1320,321.547,36,1419.74,0.818747,-4.45,328.31,4652.5,911.0,1734.04
1321,321.547,37,1458.81,0.841278,-4.37,335.90,4754.0,921.2,1734.04
1322,321.547,38,1497.86,0.863796,-4.29,343.41,4717.1,904.5,1734.04
1323,321.547,39,1536.89,0.886301,-4.21,350.83,4422.5,839.1,1734.04
1324,321.547,40,1575.89,0.908794,-4.13,358.18,4748.3,891.2,1734.04
1325,321.547,41,1614.87,0.931275,-4.05,365.44,4746.4,881.2,1734.04
1326,321.547,42,1653.83,0.953742,-3.97,372.62,4744.5,871.2,1734.04
1327,321.547,43,1692.77,0.976198,-3.90,379.71,4540.9,824.5,1734.04
1328,321.547,44,1732.49,0.999101,-3.82,386.87,4911.1,881.6,1734.04
1329,333.972,0,0.00,0.000000,0.00,0.00,0.0,0.0,1755.14
1330,333.972,1,40.19,0.022899,0.08,6.82,4877.7,827.5,1755.14
1331,333.972,2,80.33,0.045770,-0.00,13.55,4835.9,811.4,1755.14
1332,333.972,3,120.46,0.068633,-0.08,20.21,4906.4,813.5,1755.14
1333,333.972,4,160.51,0.091453,-0.41,26.78,4687.5,768.9,1755.14
1334,333.972,5,200.55,0.114265,-0.75,33.26,4859.4,787.4,1755.14
1335,333.972,6,240.52,0.137040,-1.29,39.67,4678.7,749.6,1755.14
1336,333.972,7,280.48,0.159807,-1.84,45.99,4886.6,773.1,1755.14
1337,333.972,8,320.43,0.182567,-2.39,52.23,4778.0,746.3,1755.14
1338,333.972,9,360.36,0.205318,-2.93,58.39,4847.2,747.4,1755.14
1339,333.972,10,400.28,0.228062,-3.48,64.47,4672.6,711.0,1755.14
1340,333.972,11,440.18,0.250797,-4.02,70.46,4808.6,722.0,1755.14
1341,333.972,12,480.07,0.273525,-4.57,76.37,4571.8,677.2,1755.14
1342,333.972,13,519.95,0.296245,-5.12,82.20,4877.4,712.6,1755.14
1343,333.972,14,559.86,0.318985,-5.45,87.94,4774.9,687.1,1755.14
1344,333.972,15,599.76,0.341718,-5.78,93.61,4844.2,687.3,1755.14
1345,333.972,16,639.71,0.364478,-5.86,99.19,4744.7,662.5,1755.14
1346,333.972,17,679.64,0.387230,-5.94,104.69,4848.7,667.2,1755.14
1347,333.972,18,719.60,0.409994,-5.86,110.10,4678.5,633.8,1755.14
1348,333.972,19,759.54,0.432751,-5.79,115.43,4814.8,642.5,1755.14
1349,333.972,20,799.46,0.455499,-5.71,120.68,4849.1,637.2,1755.14
1350,333.972,21,839.38,0.478240,-5.63,125.85,4812.1,622.6,1755.14
1351,333.972,22,879.28,0.500972,-5.55,130.94,4707.0,599.4,1755.14
1352,333.972,23,919.16,0.523697,-5.48,135.94,4845.2,607.2,1755.14
1353,333.972,24,959.03,0.546414,-5.40,140.86,4704.6,580.0,1755.14
1354,333.972,25,998.89,0.569123,-5.32,145.70,4842.8,587.1,1755.14
1355,333.972,26,1038.73,0.591824,-5.24,150.45,4446.3,530.0,1755.14
1356,333.972,27,1078.56,0.614517,-5.17,155.13,5145.3,602.9,1755.14
1357,333.972,28,1118.38,0.637202,-5.09,159.72,4839.2,557.1,1755.14
1358,333.972,29,1158.18,0.659879,-5.01,164.23,4874.2,551.2,1755.14
1359,333.972,30,1197.97,0.682548,-4.93,168.65,4631.1,514.2,1755.14
1360,333.972,31,1237.74,0.705209,-4.86,172.99,4835.9,527.1,1755.14
1361,333.972,32,1277.50,0.727863,-4.78,177.26,4729.7,505.8,1755.14
1362,333.972,33,1317.25,0.750508,-4.70,181.43,4869.8,510.8,1755.14
1363,333.972,34,1356.98,0.773146,-4.62,185.53,4693.6,482.7,1755.14
1364,333.972,35,1396.70,0.795775,-4.54,189.54,4796.1,483.4,1755.14
1365,333.972,36,1436.40,0.818397,-4.47,193.47,4658.1,460.0,1755.14
1366,333.972,37,1476.09,0.841011,-4.39,197.32,4794.2,463.6,1755.14
1367,333.972,38,1515.77,0.863616,-4.31,201.09,4793.2,453.6,1755.14
1368,333.972,39,1555.43,0.886214,-4.23,204.77,4827.8,447.0,1755.14
1369,333.972,40,1595.08,0.908804,-4.16,208.37,4756.4,430.6,1755.14
1370,333.972,41,1634.71,0.931386,-4.08,211.89,4826.0,426.9,1755.14
1371,333.972,42,1674.33,0.953960,-4.00,215.32,4619.8,399.2,1755.14
1372,333.972,43,1713.94,0.976526,-3.92,218.67,4824.2,406.9,1755.14
1373,333.972,44,1753.53,0.999085,-3.85,221.95,4823.4,396.9,1755.14
1374,342.961,0,0.00,0.000000,0.00,0.00,,0.0,1751.94
1375,342.961,1,40.08,0.022877,0.08,5.94,4758.4,704.7,1751.94
1376,342.961,2,80.11,0.045727,0.00,11.79,4822.6,705.1,1751.94
1377,342.961,3,120.13,0.068569,-0.08,17.56,4751.3,685.1,1751.94
1378,342.961,4,160.08,0.091371,-0.41,23.25,4777.6,680.2,1751.94
1379,342.961,5,200.01,0.114166,-0.75,28.85,4883.1,685.3,1751.94
1380,342.961,6,239.89,0.136927,-1.30,34.37,4700.7,651.0,1751.94
1381,342.961,7,279.75,0.159680,-1.85,39.81,4803.0,655.4,1751.94
1382,342.961,8,319.60,0.182427,-2.39,45.17,4801.7,645.4,1751.94
1383,342.961,9,359.44,0.205166,-2.94,50.45,4730.8,626.3,1751.94
1384,342.961,10,399.27,0.227899,-3.49,55.64,4661.9,607.7,1751.94
1385,342.961,11,439.08,0.250625,-4.04,60.75,4906.0,629.5,1751.94
1386,342.961,12,478.88,0.273344,-4.59,65.78,4761.5,601.3,1751.94
1387,342.961,13,518.67,0.296055,-5.14,70.72,4760.2,591.4,1751.94
1388,342.961,14,558.50,0.318788,-5.48,75.59,4764.5,581.5,1751.94
1389,342.961,15,598.31,0.341514,-5.81,80.37,4870.0,584.5,1751.94
1390,342.961,16,638.17,0.364266,-5.89,85.06,4804.2,565.9,1751.94
1391,342.961,17,678.02,0.387012,-5.97,89.68,4768.0,551.9,1751.94
1392,342.961,18,717.89,0.409771,-5.89,94.21,4771.1,542.1,1751.94
1393,342.961,19,757.75,0.432523,-5.81,98.66,4840.7,540.1,1751.94
1394,342.961,20,797.60,0.455269,-5.73,103.03,4734.4,518.6,1751.94
1395,342.961,21,837.44,0.478007,-5.65,107.31,4802.9,516.2,1751.94
1396,342.961,22,877.26,0.500738,-5.57,111.52,4732.3,499.0,1751.94
1397,342.961,23,917.07,0.523463,-5.49,115.64,4800.8,496.4,1751.94
1398,342.961,24,956.87,0.546180,-5.41,119.68,4764.8,482.9,1751.94
1399,342.961,25,996.66,0.568891,-5.34,123.63,4729.3,469.6,1751.94
1400,342.961,26,1036.44,0.591594,-5.26,127.50,4762.8,463.1,1751.94
1401,342.961,27,1076.20,0.614291,-5.18,131.29,4761.9,453.3,1751.94
1402,342.961,28,1115.95,0.636981,-5.10,135.00,4795.9,446.7,1751.94
1403,342.961,29,1155.69,0.659663,-5.02,138.63,4795.0,436.7,1751.94
1404,342.961,30,1195.42,0.682339,-4.94,142.17,4724.7,420.6,1751.94
1405,342.961,31,1235.13,0.705008,-4.86,145.63,4758.3,413.8,1751.94
1406,342.961,32,1274.83,0.727670,-4.79,149.01,4723.0,401.0,1751.94
1407,342.961,33,1314.53,0.750326,-4.71,152.30,4899.7,405.9,1751.94
1408,342.961,34,1354.20,0.772974,-4.63,155.51,4790.8,387.0,1751.94
1409,342.961,35,1393.87,0.795615,-4.55,158.65,4720.5,371.6,1751.94
1410,342.961,36,1433.52,0.818249,-4.47,161.69,4824.7,369.9,1751.94
1411,342.961,37,1473.17,0.840877,-4.39,164.66,4753.5,354.6,1751.94
1412,342.961,38,1512.80,0.863497,-4.31,167.54,4718.3,342.2,1751.94
1413,342.961,39,1552.41,0.886111,-4.23,170.34,4752.1,334.9,1751.94
1414,342.961,40,1592.02,0.908717,-4.16,173.06,4821.8,329.8,1751.94
1415,342.961,41,1631.61,0.931317,-4.08,175.69,4821.1,319.8,1751.94
1416,342.961,42,1671.19,0.953910,-4.00,178.25,4785.0,307.5,1751.94
1417,342.961,43,1710.76,0.976496,-3.92,180.72,4715.0,293.3,1751.94
1418,342.961,44,1750.32,0.999075,-3.84,183.10,4680.5,281.4,1751.94
1419,383.878,0,0.00,0.000000,0.00,0.00,0.0,0.0,1768.69
1420,383.878,1,40.70,0.023011,0.08,11.94,4445.5,1303.8,1768.69
1421,383.878,2,81.34,0.045989,0.01,23.79,5006.6,1460.2,1768.69
1422,383.878,3,121.96,0.068954,-0.06,35.56,5199.1,1506.7,1768.69
1423,383.878,4,162.49,0.091873,-0.39,47.25,4993.8,1439.9,1768.69
1424,383.878,5,203.01,0.114778,-0.72,58.86,4810.0,1378.0,1768.69
1425,383.878,6,243.45,0.137642,-1.27,70.38,4836.8,1378.1,1768.69
1426,383.878,7,283.86,0.160492,-1.81,81.82,4869.5,1378.3,1768.69
1427,383.878,8,324.25,0.183329,-2.35,93.18,4866.7,1368.4,1768.69
1428,383.878,9,364.62,0.206152,-2.89,104.46,4500.0,1256.8,1768.69
1429,383.878,10,404.96,0.228962,-3.44,115.65,5205.7,1444.1,1768.69
1430,383.878,11,445.28,0.251758,-3.98,126.76,4788.0,1319.2,1768.69
1431,383.878,12,485.58,0.274540,-4.52,137.79,4928.2,1348.5,1768.69
1432,383.878,13,525.85,0.297308,-5.07,148.74,4520.6,1228.4,1768.69
1433,383.878,14,566.14,0.320091,-5.40,159.60,5200.0,1401.5,1768.69
1434,383.878,15,606.41,0.342859,-5.73,170.38,4782.9,1280.0,1768.69
1435,383.878,16,646.72,0.365647,-5.80,181.08,4821.9,1279.5,1768.69
1436,383.878,17,687.00,0.388421,-5.87,191.70,4819.3,1269.6,1768.69
1437,383.878,18,727.29,0.411200,-5.79,202.23,4820.8,1259.7,1768.69
1438,383.878,19,767.55,0.433965,-5.71,212.68,4818.2,1249.9,1768.69
1439,383.878,20,807.79,0.456717,-5.62,223.05,4887.0,1258.4,1768.69
1440,383.878,21,848.01,0.479455,-5.54,233.34,4611.2,1178.5,1768.69
1441,383.878,22,888.20,0.502180,-5.46,243.54,4918.3,1247.6,1768.69
1442,383.878,23,928.37,0.524891,-5.37,253.66,4773.3,1201.6,1768.69
1443,383.878,24,968.51,0.547588,-5.29,263.70,4913.2,1227.4,1768.69
1444,383.878,25,1008.63,0.570271,-5.21,273.66,4700.3,1165.2,1768.69
1445,383.878,26,1048.73,0.592941,-5.12,283.53,4871.9,1198.3,1768.69
1446,383.878,27,1088.80,0.615598,-5.04,293.32,4382.5,1069.5,1768.69
1447,383.878,28,1128.85,0.638240,-4.96,303.03,5298.7,1282.8,1768.69
1448,383.878,29,1168.87,0.660869,-4.87,312.66,4793.6,1151.2,1768.69
1449,383.878,30,1208.87,0.683485,-4.79,322.20,4898.5,1166.9,1768.69
1450,383.878,31,1248.85,0.706086,-4.70,331.66,4524.4,1069.1,1768.69
1451,383.878,32,1288.80,0.728673,-4.62,341.04,5245.8,1229.3,1768.69
1452,383.878,33,1328.72,0.751246,-4.53,350.34,4369.4,1015.4,1768.69
1453,383.878,34,1368.62,0.773806,-4.45,359.55,5199.2,1198.1,1768.69
1454,383.878,35,1409.39,0.796856,-4.36,368.88,4816.1,1100.2,1768.69
1455,383.878,36,1449.25,0.819388,-4.27,377.93,4920.8,1114.5,1768.69
1456,383.878,37,1489.07,0.841907,-4.19,386.90,4810.0,1079.9,1768.69
1457,383.878,38,1528.88,0.864412,-4.10,395.78,4916.3,1094.1,1768.69
1458,383.878,39,1568.66,0.886903,-4.02,404.58,4668.3,1029.8,1768.69
1459,383.878,40,1608.41,0.909381,-3.93,413.29,4839.0,1057.9,1768.69
1460,383.878,41,1648.15,0.931845,-3.85,421.93,4664.1,1010.5,1768.69
1461,383.878,42,1687.85,0.954295,-3.76,430.48,4870.8,1045.6,1768.69
1462,383.878,43,1727.54,0.976732,-3.67,438.95,4438.0,944.0,1768.69
1463,383.878,44,1767.20,0.999155,-3.59,447.34,4657.9,981.5,1768.69
